GMB4042,김천시외버스터미널(종점),14042,36.122879,128.117882
GMB4041,김천시외버스터미널 종점,14041,36.123064,128.118214
GMB4167,국민은행,14167,36.12103413,128.119802
GMB4168,성내동,14168,36.12069619,128.1202815
GMB4143,삼각로타리(중앙시장방면),14143,36.11925394,128.123945
GMB4142,삼각로타리(성남교방면),14142,36.11946713,128.1242019
GMB4275,중앙시장,14275,36.11949642,128.1262018
GMB4196,아랫시장앞,14196,36.1195059,128.1288416
GMB4197,아랫시장건너,14197,36.11933584,128.1292409
GMB4009,감천3거리(아랫시장방면),14009,36.11781337,128.1332749
GMB4008,감천3거리(성의중고방면),14008,36.11770707,128.1336935
GMB4176,성의중고건너,14176,36.11670495,128.1361549
GMB4177,성의중고앞,14177,36.1165457,128.1369243
GMB4286,지좌동(문성중학교방면),14286,36.11829345,128.1422791
GMB4285,지좌동(성의중고방면),14285,36.11866345,128.1424741
GMB1197,안곡1리,11197,36.2716628,128.1453272
GMB4123,문성중학교앞,14123,36.11868048,128.1475567
GMB546,안곡(산현4리방면),10546,36.27284646,128.148038
GMB1204,안곡(산현4리방면)건너,11204,36.27276819,128.1480527
GMB1247,안곡2리마을회관,11247,36.276848,128.149059
GMB4122,문성중학교건너,14122,36.11851821,128.1492826
GMB1203,안곡2리경로당,11203,36.27554527,128.1499604
GMB4999,월드메르디앙,15178,36.117354,128.1511581
GMB4341,한마음타운건너,14341,36.11711842,128.1521536
GMB4342,한마음타운앞,14342,36.11662566,128.1526301
GMB4120,무실3거리(한마음타운방면),14120,36.11594661,128.1545017
GMB4121,무실삼거리,14121,36.11601648,128.1553552
GMB4368,덕곡동앞,14368,36.11784907,128.1571121
GMB4367,덕곡동,14367,36.11876124,128.1585425
GMB4369,덕곡동건너,14369,36.1186599,128.158813
GMB409,상송수다사입구(오가2리방면),10409,36.26984699,128.159743
GMB408,상송수다사입구(안곡방면),10408,36.26989566,128.1601737
GMB4195,신촌(용전방면),14195,36.12452919,128.1697081
GMB583,오가2리(무등리방면),10583,36.26555128,128.169852
GMB4194,신촌(무실3거리방면),14194,36.1253572,128.1701449
GMB582,오가2리(상송리방면),10582,36.26530034,128.1711552
GMB4353,에듀파크건너,14353,36.12216014,128.1716899
GMB4354,에듀파크앞,14354,36.12144622,128.1721712
GMB4355,용시(김천행),14355,36.12017736,128.1722938
GMB4361,용시(구미행),14361,36.11948197,128.1728928
GMB264,무등1리노인회관,10264,36.25676383,128.1753189
GMB4356,LH4단지앞,14356,36.12026846,128.1756334
GMB4362,LH4단지건너,14362,36.12009771,128.1756519
GMB587,오가3리 무등1리(무등1리노인회관방면),10587,36.26462846,128.1767616
GMB585,오가3리 무등1리(오가3리경로당방면),10585,36.26452123,128.1767949
GMB586,오가3리 무등1리(무등2리방면),10586,36.26480377,128.1769576
GMB584,오가3리 무등1리(오가2리방면),10584,36.26482177,128.1772878
GMB588,오가3리경로당건너,10588,36.26810509,128.1774874
GMB589,오가3리경로당앞,10589,36.26810958,128.1775591
GMB581,오가1리,10581,36.27448883,128.1780062
GMB4359,골드클래스건너,14359,36.11874338,128.1786311
GMB4360,골드클래스앞,14360,36.11877606,128.1787733
GMB4349,한국전력기술앞,14349,36.12593306,128.1810067
GMB4238,용전입구,14238,36.13061505,128.181011
GMB941,우정사업조달사무소건너,10941,36.12328696,128.1810651
GMB4350,KCC스위첸아파트앞,14350,36.12022032,128.1810941
GMB4352,한국전력기술건너,14352,36.12616916,128.181279
GMB940,우정사업조달사무소앞,10940,36.1235677,128.1813055
GMB4351,KCC스위첸아파트건너,14351,36.12032864,128.1813525
GMB4040,김천(구미)역구미행,14040,36.11389583,128.1814665
GMB4237,용전,14237,36.13081744,128.1816307
GMB4364,로제니아호텔앞,14364,36.11748224,128.1823247
GMB4363,로제니아호텔건너,14363,36.11747068,128.1825387
GMB4294,초곡리(용전입구방면),14294,36.13908538,128.1842207
GMB4295,초곡리(서원입구방면),14295,36.14127251,128.1849734
GMB266,무등2리(무을정류장방면),10266,36.26318353,128.1862794
GMB265,무등2리(오가3리 무등1리방면),10265,36.26320725,128.1864643
GMB4165,서원입구(대신방면),14165,36.15143256,128.1917935
GMB4164,서원입구(초곡리방면),14164,36.15147687,128.1920714
GMB1106,무수2리 원성,11106,36.26600505,128.1924081
GMB1001,무수1리,11001,36.27666497,128.1924905
GMB1000,무수2리,11000,36.26962954,128.193334
GMB271,무을정류장(새마을금고앞),10271,36.26142808,128.1933873
GMB270,무을정류장(새마을금고건너),10270,36.26142731,128.1936803
GMB4072,대신(시내이방면),14072,36.15259206,128.194649
GMB4071,대신(서원입구방면),14071,36.15280025,128.1949323
GMB1135,무수3리,11135,36.2616913,128.195468
GMB1136,무수3리,11136,36.26163953,128.1955495
GMB268,무을면행정복지센터건너,10268,36.26057615,128.1970529
GMB267,무을면행정복지센터앞,10267,36.26061196,128.1973186
GMB4189,시내이(대신방면),14189,36.15402773,128.2052094
GMB999,원1리,10999,36.24478806,128.2052828
GMB4190,시내이(초산방면),14190,36.15390117,128.2054844
GMB269,무을원동,10269,36.24735162,128.2064865
GMB471,송삼2리(무이리방면),10471,36.2580032,128.208267
GMB470,송삼2리(무을원동방면),10470,36.25754062,128.2083575
GMB469,송삼2리(무을면행정복지센터방면),10469,36.25786852,128.2087808
GMB1004,용포분교,11004,36.33035256,128.2141123
GMB4296,초산(시내이방면),14296,36.15397634,128.2157432
GMB4297,초산(뽕밭방면),14297,36.15386978,128.2157649
GMB376,산촌마을입구(태봉리방면),10376,36.30409873,128.2173878
GMB377,산촌마을입구(신오리석거실방면),10377,36.30415744,128.2174155
GMB4138,뽕밭(초산방면),14138,36.15563885,128.2193883
GMB4139,뽕밭(작동방면),14139,36.15558072,128.2194093
GMB275,무이리 물골안,10275,36.25980872,128.2199708
GMB4264,작동(말바우방면),14264,36.15684759,128.221652
GMB4265,작동(뽕밭방면),14265,36.15727142,128.2218331
GMB274,무이리(웅곡리방면),10274,36.25442655,128.2225705
GMB273,무이리(가네골방면),10273,36.25464486,128.2226243
GMB8,가네골(백자리방면),10008,36.24659486,128.2227509
GMB272,무이리(송삼2리방면),10272,36.25440011,128.2228143
GMB9,가네골(무이리방면),10009,36.24666059,128.2228269
GMB4100,말바우(제석입구방면),14100,36.15692061,128.2243311
GMB4099,말바우(작동방면),14099,36.15713511,128.2245695
GMB518,신오리 석거실(산촌리방면),10518,36.30344355,128.2274949
GMB517,신오리 석거실(산촌마을입구방면),10517,36.30350822,128.227549
GMB305,백자리(마을회관건너),10305,36.24499652,128.227731
GMB306,백자리(마을회관앞),10306,36.24522603,128.2278938
GMB801,태봉리(태봉1리방면),10801,36.29148507,128.2297561
GMB802,태봉리(산촌마을입구방면),10802,36.29153802,128.229814
GMB661,웅곡리(백자리방면),10661,36.25248468,128.2312326
GMB659,웅곡리(웅곡리곰실방면),10659,36.25223983,128.2312834
GMB4029,공쌍골(의1리방면),14029,36.18348953,128.231507
GMB660,웅곡리(포상2리 하송방면),10660,36.25260701,128.2315404
GMB662,웅곡리곰실,10662,36.26006443,128.2315902
GMB4030,공쌍골(지2동방면),14030,36.18347721,128.2317313
GMB4270,제석입구(진등방면),14270,36.15734361,128.2323582
GMB658,웅곡리(무이리방면),10658,36.25247011,128.2324302
GMB4269,제석입구(말바우방면),14269,36.15770001,128.2325067
GMB799,태봉1리(대원방면),10799,36.28486854,128.2329387
GMB800,태봉1리(태봉리방면),10800,36.28491826,128.2329824
GMB4290,진등(칠산방면),14290,36.15755548,128.2337842
GMB4268,제석1리회관앞,14268,36.151119,128.2340241
GMB194,대원(태봉1리방면),10194,36.28343905,128.2354632
GMB192,대원(선산휴게소밑방면),10192,36.28321702,128.2357451
GMB4289,진등(제석입구방면),14289,36.15798366,128.2365727
GMB4255,의1리(경북과학기술고방면),14255,36.17566978,128.2370355
GMB4256,의1리(공쌍골방면),14256,36.17559753,128.23712
GMB333,봉남리,10333,36.21610108,128.238312
GMB812,포상2리하송(덕촌1리방면),10812,36.25019271,128.2385442
GMB811,포상2리하송(웅곡리방면),10811,36.25025373,128.2390047
GMB4202,아포농공단지입구(경북과학기술고등학교방면),14202,36.1668729,128.2407984
GMB4203,아포농공단지입구(의1리방면),14203,36.16667933,128.2410001
GMB375,산촌리(옥관2리방면),10375,36.30565362,128.2413337
GMB374,산촌리(신오리석거실방면),10374,36.30573888,128.2414006
GMB4308,칠산(경북과학기술고등학교방면),14308,36.15837574,128.2414122
GMB193,대원(선산휴게소밑방면),10193,36.28045974,128.2422815
GMB457,소재리,10457,36.23156684,128.2423171
GMB4307,칠산(진등방면),14307,36.15869871,128.2423563
GMB4278,지2동(지2동출발방면),14278,36.19172441,128.2429601
GMB506,신당,10506,36.2355021,128.2430071
GMB4279,지2동(지2동방면),14279,36.19162639,128.2431761
GMB4280,지2동출발,14280,36.19152292,128.2432674
GMB1201,대원(산호야관광농원 앞),11201,36.27933272,128.2436356
GMB1202,대원(산호야관광농원 건너),11202,36.27929794,128.2437751
GMB1015,대원2리,11015,36.27080461,128.2443114
GMB4200,경북과학기술고등학교앞,14200,36.15896983,128.2443639
GMB4201,경북과학기술고등학교건너,14201,36.15886547,128.2447086
GMB4344,행성디지털앞,14344,36.16787394,128.2451801
GMB555,어구산입구삼거리,10555,36.3096826,128.2459982
GMB556,어구산입구(산촌리),10556,36.30992311,128.246355
GMB4033,교전,14033,36.15972603,128.2464587
GMB436,선산휴게소밑(대원2리방면),10436,36.27553359,128.2473999
GMB4257,의동입구,14257,36.15924589,128.247404
GMB437,선산휴게소밑(대원방면),10437,36.27545246,128.2474983
GMB4210,아포초등학교,14210,36.15941239,128.2476355
GMB810,포상2리,10810,36.23873336,128.2489451
GMB1217,선산휴게소,11217,36.27393132,128.2489887
GMB198,덕촌1리(봉곡방면),10198,36.2516096,128.2498662
GMB197,덕촌1리(포상2리하송방면),10197,36.25188361,128.2501067
GMB4273,주식회사 성안앞,14273,36.1658381,128.2504954
GMB4217,양산(지1동경로당방면),14217,36.18951328,128.2505418
GMB4216,양산(지2동방면),14216,36.18949536,128.250632
GMB4272,주식회사 성안앞,14272,36.16577876,128.2506469
GMB199,덕촌2리(덕촌방면),10199,36.26908081,128.2512087
GMB200,덕촌2리(선산휴게소밑방면),10200,36.26945107,128.2513588
GMB493,습례2리입구,10493,36.20823391,128.2516856
GMB1205,덕촌초등학교,11205,36.26414306,128.2531161
GMB1206,덕촌2리,11206,36.26439598,128.2531985
GMB4209,아포읍행정복지센터건너,14209,36.15962378,128.2534592
GMB4208,아포읍행정복지센터앞,14208,36.15964933,128.2540891
GMB4276,지1동,14276,36.18621291,128.2541062
GMB4277,지1동경로당,14277,36.18611782,128.2541071
GMB809,포상1리,10809,36.23979323,128.2541109
GMB195,덕촌(봉곡방면),10195,36.25889749,128.254209
GMB196,덕촌(덕촌2리방면),10196,36.2587769,128.2542912
GMB4198,아포공단관리사무소건너,14198,36.16690358,128.2545506
GMB4199,아포공단관리사무소앞,14199,36.16681967,128.2545825
GMB492,습례2리,10492,36.2103553,128.2547494
GMB4370,야동(야동인2리방면)건너,14370,36.17225603,128.254753
GMB4214,야동(야동인2리방면),14214,36.1722025,128.2549656
GMB4213,야동(아포읍방면),14213,36.17516109,128.2555182
GMB4215,야동인2리,14215,36.17511495,128.2556117
GMB4372,인3리(아포방면),14372,36.16903434,128.2564295
GMB4371,인3리(야동방면),14371,36.16907175,128.2565225
GMB491,습례1리,10491,36.21156624,128.2565544
GMB4204,아포역(아포읍행정복지센터방면),14204,36.15942591,128.2571978
GMB632,옥관2리(경로당건너),10632,36.34105318,128.257347
GMB4207,아포역(아포한마음아파트방면),14207,36.15934441,128.2573917
GMB631,옥관2리(경로당앞),10631,36.34113494,128.2574283
GMB4205,아포역(아포파출소건너),14205,36.15952409,128.2576528
GMB4206,아포역(아포파출소앞),14206,36.16026061,128.2579498
GMB4132,백모교(야동방면),14132,36.18086549,128.2594338
GMB4133,백모교(서당방면),14133,36.18087791,128.2595862
GMB4131,백모교(야동방면),14131,36.18106019,128.2596048
GMB494,습례리,10494,36.21305668,128.2600363
GMB319,봉곡(덕촌1리방면),10319,36.24842293,128.2607476
GMB318,봉곡(죽장2리방면),10318,36.24798143,128.2610061
GMB4222,예2리마을회관건너,14222,36.18933489,128.2614516
GMB4221,예2리마을회관앞,14221,36.18938583,128.2614948
GMB4220,예2리경노당,14220,36.19319009,128.262
GMB4157,서당(구암방면),14157,36.18228205,128.2624324
GMB4158,서당(구암방면),14158,36.18217007,128.2624708
GMB4156,서당(백모교방면),14156,36.18228768,128.2626272
GMB1139,봉곡,11139,36.2470923,128.2627984
GMB4211,아포한마음아파트건너,14211,36.15872805,128.2628825
GMB4212,아포한마음아파트앞,14212,36.15866842,128.2629587
GMB1145,봉곡,11145,36.2472303,128.2629789
GMB1196,아포읍 스마트시티A,11196,36.15435317,128.2637242
GMB630,옥관1리구평(옥관입구방면),10630,36.33983306,128.2637245
GMB629,옥관1리구평(옥관2리방면),10629,36.33989982,128.2637517
GMB158,내고리(북산2리방면),10158,36.22599609,128.2644727
GMB159,내고리(내고1리입구방면),10159,36.22579698,128.2645292
GMB891,횡산,10891,36.2011224,128.264792
GMB346,북산2리(예산초등학교방면),10346,36.21716694,128.2651494
GMB347,북산2리(내고리방면),10347,36.21717791,128.2652043
GMB4037,구암(새터방면),14037,36.18273461,128.2656415
GMB4036,구암(서당방면),14036,36.18364387,128.2659574
GMB4038,덕일한마음아파트후문 건너,14038,36.15735377,128.2664134
GMB4039,덕일한마음아파트후문 앞,14039,36.15689565,128.266652
GMB752,주아가라골,10752,36.2870611,128.2677099
GMB578,예산초등학교(내고2리방면),10578,36.21538684,128.2679324
GMB345,북산1리,10345,36.21069435,128.2680783
GMB577,예산초등학교(북산2리방면),10577,36.21547871,128.2684426
GMB754,죽장2리(봉곡방면),10754,36.24419023,128.2688542
GMB753,죽장2리(죽장리마을회관방면),10753,36.24406426,128.2689587
GMB929,죽장리마을회관(죽장2리방면),10929,36.2424002,128.2722642
GMB928,죽장리마을회관(선산터미널종점방면),10928,36.2421202,128.2730354
GMB4152,새터(외예리방면),14152,36.18241786,128.2736157
GMB4151,새터(구암방면),14151,36.18246812,128.2738129
GMB4874,대성2리경로당,14874,36.11713487,128.2740023
GMB633,옥관입구(구미원예공사방면),10633,36.34341423,128.2744232
GMB634,옥관입구(구봉방면),10634,36.34342685,128.2745248
GMB627,옥관1리 문정자(화훼단지주유소방면),10627,36.32752234,128.275558
GMB628,옥관1리 문정자(구미원예공사방면),10628,36.32753758,128.2756695
GMB83,구미원예공사건너,10083,36.3305315,128.2758466
GMB84,구미원예공사앞,10084,36.33008925,128.2760426
GMB4875,수점마을종점,14875,36.11040155,128.2765092
GMB95,구봉리(옥관입구방면),10095,36.34670119,128.2769611
GMB96,구봉리(낙동출발방면),10096,36.34659402,128.2769724
GMB1141,죽장2리,11141,36.24169004,128.2771181
GMB1140,죽장2리,11140,36.24159873,128.277136
GMB871,화훼단지주유소앞,10871,36.32308791,128.2773061
GMB1161,횡산리말골,11161,36.1965967,128.2774415
GMB872,화훼단지주유소건너,10872,36.3229086,128.2775106
GMB1162,횡산리말골건너,11162,36.19664288,128.2776111
GMB156,내고1리입구앞,10156,36.22608678,128.2779815
GMB635,옥성(상농소방면),10635,36.29683503,128.2779899
GMB157,내고1리입구건너,10157,36.22602746,128.2781384
GMB636,옥성(농소2리이곡방면),10636,36.29679899,128.2782098
GMB821,하송(송천4리입구방면),10821,36.15251302,128.2789421
GMB4332,하송(금계방면),14332,36.15256116,128.2792576
GMB637,옥성(중농소방면),10637,36.29553074,128.2793375
GMB4366,송내(모다아울렛건너),14366,36.15384165,128.2798526
GMB1103,추모공원입구,11103,36.31782933,128.2799379
GMB4365,송내(모다아울렛앞),14365,36.15407795,128.2799411
GMB1104,추모공원입구건너,11104,36.31786643,128.2800933
GMB165,농소2리이곡(옥성방면),10165,36.31351845,128.2805715
GMB166,농소2리이곡(화훼단지주유소방면),10166,36.31335888,128.2806537
GMB4873,대성2리마을회관,14873,36.12015603,128.2808963
GMB1142,죽장1리마을회관,11142,36.24057875,128.2817961
GMB1143,죽장1리마을회관건너,11143,36.24036311,128.2818899
GMB4872,청소년문화센터,14872,36.12484043,128.2820614
GMB388,상농소(중농소방면),10388,36.29749732,128.2822595
GMB389,상농소(옥성방면),10389,36.29760615,128.2822717
GMB297,외예리(새터방면),10297,36.18362998,128.2823859
GMB298,외예리(내예리방면),10298,36.1835298,128.2824201
GMB892,횡산도롱골,10892,36.19571844,128.2839199
GMB894,횡산입구(내예리방면),10894,36.19790216,128.2839567
GMB896,횡산입구(고아신촌방면),10896,36.19807947,128.2839695
GMB64,송천4리입구(구미대학교건너),10064,36.14936314,128.2840177
GMB895,횡산입구건너,10895,36.19797469,128.2841399
GMB66,송천4리입구건너(구미대학교),10066,36.14944114,128.2842115
GMB756,중농소(상농소방면),10756,36.2990949,128.2847762
GMB755,중농소(하농소방면),10755,36.29908026,128.2849334
GMB893,횡산리 대방골,10893,36.1939432,128.2850136
GMB1176,횡산리 대방골건너,11176,36.19383601,128.2850672
GMB1182,구미시립노인요양병원,11182,36.1502153,128.2857824
GMB67,구미대학교건너,10067,36.14976567,128.2862088
GMB65,구미대학교앞,10065,36.1487232,128.2890064
GMB915,청소년수련관건너,10915,36.25895339,128.2892586
GMB819,하농소(초곡방면),10819,36.30168961,128.2893135
GMB914,청소년수련관앞,10914,36.25887548,128.2893268
GMB1035,구미대학교안,11035,36.15095399,128.289431
GMB548,내예리(외예리방면),10548,36.18731994,128.2894435
GMB549,내예리(횡산역방면),10549,36.18730562,128.2896262
GMB820,하농소(중농소방면),10820,36.30183775,128.2898232
GMB874,황산출발,10874,36.21299753,128.2899321
GMB1076,구미대학교정문,11076,36.14866098,128.289938
GMB873,황산,10873,36.21310366,128.2901768
GMB1195,삼영아파트건너,11195,36.23855799,128.2911674
GMB1227,농업기술센터건너,11227,36.2334645,128.291595
GMB1243,수점마을입구,11243,36.125232,128.291879
GMB1244,수점마을입구건너,11244,36.125232,128.292096
GMB429,선산중학교건너,10429,36.2398047,128.2931785
GMB743,장흥리(진주울입구방면),10743,36.14458402,128.2934247
GMB430,선산중학교앞,10430,36.23992556,128.2935876
GMB742,장흥리(송천4리입구건너방면),10742,36.14449198,128.2940207
GMB1085,용산리 새마(가산리방면),11085,36.33794867,128.2949387
GMB1216,노상리(선산고방면),11216,36.25226504,128.2949981
GMB1101,가산1리 후생촌,11101,36.32738218,128.2950251
GMB1215,노상리(청소년수련관방면),11215,36.25232614,128.2950443
GMB1084,용산리 새마(용산2리 마을회관방면),11084,36.33793131,128.2950585
GMB1194,선산농협본점건너,11194,36.23756743,128.2952549
GMB342,부곡장지터(부곡진줄방면),10342,36.14616172,128.2954733
GMB341,부곡장자터(구미대학교방면),10341,36.14635263,128.2956297
GMB694,이문네거리,10694,36.24051506,128.2960629
GMB1108,가산1리(가덕)건너,11108,36.33086027,128.29611
GMB1086,가산2리 원흥,11086,36.32037748,128.296162
GMB1107,가산1리(가덕),11107,36.33089254,128.2961736
GMB35,고아신촌(파산리방면),10035,36.20163991,128.2963486
GMB34,고아신촌(횡산입구방면),10034,36.20175266,128.2965225
GMB14,가산리,10014,36.31860433,128.296719
GMB913,선산고입구,10913,36.24622441,128.2974934
GMB912,선산고입구건너,10912,36.2461911,128.2975705
GMB4044,낙동정류장,14044,36.36307151,128.2980354
GMB12,가산1리(가산리방면),10012,36.32982398,128.2981259
GMB4043,낙동 출발,14043,36.36292724,128.298183
GMB432,선산읍행정복지센터,10432,36.24252165,128.2982043
GMB13,가산1리(용산리방면),10013,36.32989177,128.2982526
GMB431,선산읍행정복지센터건너,10431,36.24252172,128.2986717
GMB646,용산2리,10646,36.33879353,128.2991897
GMB1240,선기2동경로당,11240,36.133131,128.299255
GMB2427,지경리출발,12427,36.06090947,128.3007964
GMB2426,지경리종점,12426,36.06097636,128.3010217
GMB774,진주울입구(봉곡동입구방면),10774,36.14091875,128.3016593
GMB773,진주울입구(장흥리방면),10773,36.14104647,128.3019098
GMB344,부곡진줄(부곡장자터방면),10344,36.14407921,128.3020021
GMB792,초곡(신풍진마을입구방면),10792,36.29691594,128.3022186
GMB793,초곡(하농소방면),10793,36.29697555,128.3023236
GMB1999,CNG충전소(탑승불가),11999,36.14119647,128.3025895
GMB343,부곡진줄(부곡새마을방면),10343,36.14368292,128.302691
GMB1241,지장사앞,11241,36.130029,128.303224
GMB1174,태완노블리안후문건너,11174,36.2476492,128.3032996
GMB1173,태완노블리안후문,11173,36.24763195,128.303405
GMB1242,지장사건너,11242,36.130174,128.303449
GMB427,선산문화회관삼거리(선산행복센터방면),10427,36.24328201,128.3041033
GMB435,선산터미널종점,10435,36.239564,128.30429
GMB425,선산문화회관삼거리(선산터미널종점방면),10425,36.24323155,128.3043643
GMB1109,산두갠고개,11109,36.3266145,128.3048197
GMB339,부곡새마을(부곡진줄방면),10339,36.14330947,128.3048839
GMB1033,교리e편한세상A앞,11033,36.25094885,128.3050018
GMB1034,교리e편한세상A건너,11034,36.25088967,128.30501
GMB340,부곡새마을(봉곡네거리방면),10340,36.14310768,128.3050743
GMB426,선산문화회관삼거리(황칠나무참숯돼지생갈비앞),10426,36.24378901,128.3053124
GMB1171,태완노블리안정문,11171,36.24684341,128.3056192
GMB1172,태완노블리안정문건너,11172,36.24686695,128.305874
GMB1037,교리e편한세상(고아방면),11037,36.25063372,128.3060068
GMB1038,교리e편한세상(생곡리방면),11038,36.25010019,128.3061997
GMB1123,잿골길 입구,11123,36.25353659,128.3064726
GMB1175,교리e편한세상A후문건너,11175,36.25271535,128.3064877
GMB645,용산1리 산두,10645,36.32580404,128.3065046
GMB1024,봉곡도서관입구건너,11024,36.15301989,128.3065929
GMB1998,차고지,11998,36.13093161,128.3068678
GMB332,봉곡청마루출발지(종점),10332,36.15553175,128.3069366
GMB328,봉곡태성아파트앞,10328,36.15436967,128.3071045
GMB1221,경구중학교후문앞,11221,36.15013233,128.3072427
GMB327,봉곡태성아파트건너,10327,36.15424426,128.3073865
GMB806,파산리(대망입구방면),10806,36.20765548,128.3080511
GMB1131,월암서원,11131,36.3083971,128.3081254
GMB805,파산리(고아신촌방면),10805,36.20773621,128.3081471
GMB326,봉곡동입구(선기동교복단지앞방면),10326,36.13857188,128.3090932
GMB718,축산물 유통센터,10718,36.13018213,128.3091486
GMB72,축산물유통센터건너,10072,36.13024899,128.3091872
GMB325,봉곡동입구(진주울입구방면),10325,36.13857906,128.3093718
GMB1014,선주원남동행정복지센터건너,11014,36.14301404,128.3097157
GMB2609,숭오1리(태평동)건너,12609,36.05557434,128.3098357
GMB1011,선주원남동행정복지센터앞,11011,36.14307827,128.3099929
GMB329,봉곡영남네오빌건너,10329,36.15413825,128.3100498
GMB330,봉곡영남네오빌앞,10330,36.15424989,128.3101489
GMB1013,경구고등학교앞,11013,36.14757839,128.3102109
GMB1193,도산리(사랑의쉼터 건너),11193,36.32245669,128.3102415
GMB36,고아에덴아파트건너,10036,36.22503642,128.3103133
GMB321,봉곡네거리(선주고등학교방면),10321,36.14057415,128.3103637
GMB440,선주초등학교건너,10440,36.15074683,128.3105003
GMB1012,경구고등학교건너,11012,36.14773282,128.3105004
GMB441,선주초등학교앞,10441,36.15079299,128.3106661
GMB37,고아에덴아파트앞,10037,36.22493041,128.3107816
GMB320,봉곡네거리(부곡새마을방면),10320,36.14028237,128.3110752
GMB683,월림1리,10683,36.30831497,128.3111387
GMB2610,숭오1리(태평동),12610,36.05522388,128.3112352
GMB918,선기동교복단지앞,10918,36.13698663,128.3122146
GMB919,선기동교복단지건너,10919,36.13703392,128.3124153
GMB323,봉곡동대구은행앞,10323,36.14958793,128.3126592
GMB324,봉곡동대구은행건너,10324,36.14945618,128.3127069
GMB185,대망입구(오로삼거리방면),10185,36.20916792,128.3127741
GMB184,대망입구(대망1리마을회관방면),10184,36.20907596,128.3131487
GMB642,용댐이,10642,36.32254388,128.3134121
GMB322,봉곡e편한세상건너,10322,36.15400399,128.3134375
GMB439,선주고등학교앞,10439,36.14052034,128.3135757
GMB596,오로리새마을(오로리방면),10596,36.21960776,128.3136552
GMB699,한국방송통신대학건너,10699,36.12940967,128.3136557
GMB700,한국방송통신대학앞,10700,36.12936592,128.3137162
GMB438,선주고등학교건너,10438,36.14063,128.3137909
GMB570,봉곡e편한세상앞,10570,36.1541034,128.3138622
GMB597,오로리새마을(고아에덴아파트방면),10597,36.21969595,128.3138666
GMB1128,초곡리 신내,11128,36.29657707,128.3146814
GMB1129,초곡리 신내(마을회관방면),11129,36.2966431,128.3147123
GMB1028,도로공사도성관건너,11028,36.15276744,128.3148483
GMB1027,도로공사도성관앞,11027,36.15197051,128.3149455
GMB136,금오산출발,10136,36.11177547,128.3150736
GMB643,용동골고개(선산문회회관삼거리방면),10643,36.2636223,128.3152406
GMB1137,대망2리 못두들,11137,36.18632864,128.3152611
GMB594,오로리(오로삼거리방면),10594,36.21713099,128.3153125
GMB595,오로리(오로리새마을방면),10595,36.21745579,128.3153612
GMB1134,대망2리 못두들,11134,36.18636261,128.3153666
GMB644,용동골고개(수도가압장방면),10644,36.26370497,128.3153756
GMB2198,보손2리,12198,36.05470394,128.3154795
GMB234,도봉초등학교앞,10234,36.14158088,128.3155003
GMB2199,보손2리건너,12199,36.05496496,128.3155352
GMB739,구미성리학역사관,10739,36.11403165,128.3155481
GMB133,금오랜드앞,10133,36.11365841,128.3156325
GMB1200,월림2교,11200,36.31181931,128.3156387
GMB235,도봉초등학교건너,10235,36.14136718,128.3156693
GMB186,대망2리마을회관건너,10186,36.18259129,128.3158778
GMB1119,대망2리회관,11119,36.18283729,128.3159235
GMB1219,대망왕산골캠핑장건너,11219,36.19245332,128.316011
GMB1218,대망왕산골캠핑장,11218,36.19245303,128.3161057
GMB182,대망1리마을회관(대망출발방면),10182,36.19758446,128.3163439
GMB183,대망1리마을회관(아포입구방면),10183,36.19741429,128.3164751
GMB850,현대아파트건너,10850,36.15127083,128.3166882
GMB1238,오로1리마을입구앞,11238,36.213162,128.317086
GMB1239,오로1리마을입구건너,11239,36.213,128.317129
GMB484,선산전문장례식장건너,10484,36.26726605,128.3173622
GMB485,선산전문장례식장앞,10485,36.26715351,128.3173777
GMB851,현대아파트앞,10851,36.15142765,128.3175564
GMB684,월림1리입구(월림2리임호방면),10684,36.31419534,128.3175937
GMB685,월림1리입구(용정리방면),10685,36.31439599,128.3176595
GMB750,주공5단지건너,10750,36.14051685,128.3177813
GMB749,주공5단지앞,10749,36.14060979,128.3178924
GMB1127,초곡리 신내교(숭조당방면),11127,36.2955723,128.3179881
GMB1126,초곡리 신내교,11126,36.29565435,128.3180106
GMB697,이편한세상아파트앞,10697,36.13031421,128.3183331
GMB698,이편한세상아파트건너,10698,36.13053523,128.3188778
GMB1124,구미시공설숭조당,11124,36.29487165,128.319543
GMB1125,구미시공설숭조당건너,11125,36.29496727,128.3196936
GMB544,오로삼거리,10544,36.21443205,128.3203324
GMB545,오로삼거리,10545,36.21454344,128.3207464
GMB423,생곡리고개(생곡삼거리방면),10423,36.27125557,128.3207588
GMB2654,보손2리(상재원)건너,12654,36.05334883,128.3209552
GMB422,생곡리고개(수도가압장방면),10422,36.271826,128.321025
GMB294,미광아파트건너,10294,36.13099304,128.3210942
GMB295,미광아파트앞,10295,36.13089403,128.3211434
GMB215,도량2동(미소지움아파트건너방면),10215,36.13776615,128.3216517
GMB1083,월림2리 야가실(도개정류장방면),11083,36.3122032,128.3217003
GMB220,도량2동입구(원평마을문화센터방면),10220,36.13366436,128.321826
GMB218,도량2동입구(선기동교복단지건너방면),10218,36.13380866,128.3218621
GMB1082,월림2리 야가실(동산리방면),11082,36.31212181,128.321881
GMB2653,보손2리(상재원),12653,36.05277161,128.3218979
GMB647,용정리,10647,36.32735849,128.3222351
GMB648,용정리,10648,36.32730534,128.3222898
GMB214,도량2동(선주고등학교방면),10214,36.13789742,128.3225528
GMB217,도량2동3주공,10217,36.14468606,128.3225709
GMB216,도량2동 4주공,10216,36.14472217,128.3227929
GMB837,한빛타운앞,10837,36.14127266,128.3228412
GMB836,한빛타운건너,10836,36.1414356,128.3229861
GMB412,새길도로입구(도량2동파크맨션방면),10412,36.15106021,128.3231217
GMB21,경북외고앞,10021,36.12197983,128.3232334
GMB1209,새길도로입구(원호동방면),11209,36.15076037,128.3233057
GMB1044,원호전원마을,11044,36.16234848,128.3234066
GMB223,도량2동파크맨션건너,10223,36.14775823,128.3234198
GMB1045,원호전원마을,11045,36.16241576,128.3234476
GMB417,생곡삼거리(생곡리고개방면),10417,36.27547824,128.3235917
GMB419,생곡삼거리(생곡리방면),10419,36.27504637,128.3236091
GMB222,도량2동파크맨션앞,10222,36.1478708,128.3236273
GMB1032,미소지움아파트건너,11032,36.13457576,128.3237707
GMB686,월림2리 임호(도개문화마을방면),10686,36.30924833,128.3238405
GMB456,소로골네거리(롯데리아앞),10456,36.13865769,128.3238946
GMB418,생곡삼거리(신기리방면),10418,36.27586273,128.3238952
GMB1031,미소지움아파트앞,11031,36.13452166,128.3239152
GMB455,소로골네거리(롯데리아건너),10455,36.13859201,128.3240554
GMB687,월림2리 임호(월림1리입구방면),10687,36.30925696,128.3241441
GMB411,새길도로입구(원호대우아파트방면),10411,36.15215652,128.3241551
GMB31,고아농공단지앞,10031,36.21327273,128.3242733
GMB22,경북외고건너,10022,36.12344949,128.3244061
GMB30,고아농공단지건너,10030,36.21266788,128.3248722
GMB674,원평마을문화센터앞,10674,36.13150134,128.3249304
GMB410,새길도로,10410,36.15272749,128.3253461
GMB673,원평마을문화센터건너,10673,36.13131484,128.3256773
GMB221,도량2동입구(도량성당방면),10221,36.1372396,128.3261413
GMB219,도량2동입구(도량2동방면),10219,36.13746313,128.3262403
GMB1153,동정교,11153,36.33007131,128.3262925
GMB1152,동정교,11152,36.33003905,128.3264023
GMB78,구미여중앞,10078,36.12393979,128.3266237
GMB537,신풍진마을입구(신기리방면),10537,36.28688332,128.3266551
GMB77,구미여중건너,10077,36.12378681,128.3267326
GMB504,신기리(신풍진마을입구방면),10504,36.2818892,128.3267607
GMB538,신풍진마을입구(초곡방면),10538,36.28684368,128.3267836
GMB503,신기리(생곡삼거리방면),10503,36.2822134,128.3267979
GMB38,고아읍행정복지센터건너,10038,36.21133826,128.3268072
GMB1181,독동리마을회관,11181,36.24178728,128.3269829
GMB39,고아초등학교앞,10039,36.21149047,128.3269902
GMB671,원평2동산업도로(도량교방면),10671,36.13319292,128.3277962
GMB238,독동리,10238,36.24936534,128.3278735
GMB239,독동리,10239,36.24936939,128.3279557
GMB420,생곡리(일선교방면),10420,36.27299428,128.3281943
GMB421,생곡리(생곡삼거리방면),10421,36.27305193,128.328278
GMB1079,웃장터(도개정류장행),11079,36.30494435,128.3283763
GMB81,구미역(김천행),10081,36.13013994,128.3284951
GMB1078,궁기1리 웃장터(신곡방면),11078,36.30462462,128.3287202
GMB188,원호대우아파트건너,10188,36.15303781,128.3289801
GMB80,구미역,10080,36.12981186,128.3289808
GMB41,고아읍행정복지센터앞,10041,36.20990718,128.3291771
GMB187,원호대우아파트앞,10187,36.15309425,128.3292017
GMB241,생곡리 원당마을,10241,36.26070372,128.3293103
GMB240,생곡리 원당마을,10240,36.26070615,128.329382
GMB40,고아정류장,10040,36.20888545,128.3295161
GMB82,구미역(선산노선정류장),10082,36.12958513,128.3295226
GMB209,도개문화마을(도개정류장방면),10209,36.30212298,128.3295763
GMB79,구미역(중앙시장),10079,36.12962208,128.3297324
GMB208,도개문화마을(월림2리한실방면),10208,36.30194126,128.3297505
GMB678,원호동(구미중학교방면),10678,36.15093625,128.3301423
GMB2334,"어로2리,국개",12334,36.05042726,128.3303351
GMB677,원호동(원호대우아파트앞방면),10677,36.15076401,128.3305057
GMB248,동산리마을회관,10248,36.33465426,128.3305219
GMB226,경북교육청도서관건너,10226,36.12479774,128.3305388
GMB258,럭키원앙아파트,10258,36.13637639,128.3306003
GMB663,원2리(원리 회차방면),10663,36.23005592,128.3307745
GMB2294,숭오3리마을회관,12294,36.06703453,128.3307754
GMB672,원평2동산업도로(원평마을문화센터방면),10672,36.13372514,128.3308533
GMB2547,숭오3리(마을회관),12547,36.06708092,128.3308655
GMB2333,"어로2리,국개건너",12333,36.0499887,128.3308826
GMB94,구미중학교앞,10094,36.14732579,128.3308882
GMB124,귀빈맨션(구미여고),10124,36.14473631,128.330923
GMB93,구미중학교건너,10093,36.14798287,128.3310354
GMB76,구미여고,10076,36.14487419,128.3310847
GMB212,도량성당,10212,36.13601887,128.3311204
GMB227,경북교육청도서관,10227,36.12472976,128.3312954
GMB2295,숭오리종점출발,12295,36.0685364,128.3315693
GMB2557,숭오리 종점,12557,36.068461,128.331597
GMB210,도개정류장안,10210,36.29891502,128.3317771
GMB211,도개정류장앞,10211,36.29870782,128.3318167
GMB213,도량롯데캐슬,10213,36.14205289,128.3320256
GMB225,도량교(원평2동산업도로방면),10225,36.13463518,128.3321383
GMB119,구미역 전(국민은행),10119,36.12862459,128.3321639
GMB69,구미남고건너,10069,36.13748744,128.3322033
GMB650,우방3차건너,10650,36.1145487,128.3322812
GMB815,풍림2차건너,10815,36.11165275,128.3322993
GMB236,도산초등학교,10236,36.1416935,128.3323096
GMB857,형곡금오산입구앞,10857,36.10902189,128.3323192
GMB224,도량교(구미남고방면),10224,36.13478567,128.332354
GMB68,구미남고앞,10068,36.13756898,128.3323801
GMB816,풍림2차앞,10816,36.11158903,128.332434
GMB858,형곡금오산입구건너,10858,36.10888192,128.3324533
GMB651,우방3차앞,10651,36.11449566,128.3324599
GMB2019,강진삼거리건너,12019,36.06614702,128.3327985
GMB2018,강진삼거리,12018,36.06652964,128.3329588
GMB688,월림2리 한실(월림2리 임호방면),10688,36.30890933,128.3331865
GMB689,월림2리 한실(신곡방면),10689,36.30886233,128.3332329
GMB167,농협,10167,36.12799177,128.3333692
GMB861,형곡중학교입구,10861,36.10750273,128.3336054
GMB862,형곡중학교입구건너,10862,36.10761425,128.3336343
GMB2219,북삼휴먼시아,12219,36.06379595,128.3336772
GMB2520,화진금봉타운,12520,36.06369057,128.3338919
GMB146,금오초등학교건너,10146,36.12515246,128.3344549
GMB2218,북삼현대아파트건너,12218,36.06774985,128.3344806
GMB147,금오초등학교앞,10147,36.12497395,128.3345627
GMB676,원호푸르지오아파트앞,10676,36.15629581,128.3347345
GMB497,시영아파트,10497,36.10392691,128.3347364
GMB2391,인평중학교종점,12391,36.06210134,128.3347911
GMB675,원호푸르지오아파트건너,10675,36.15612376,128.334819
GMB73,구미가톨릭요양병원,10073,36.13474779,128.334929
GMB2217,북삼현대아파트,12217,36.06832624,128.3349385
GMB859,시영아파트건너,10859,36.10451562,128.3349418
GMB2392,인평중학교출발,12392,36.0616932,128.3350953
GMB177,대구은행앞,10177,36.12724834,128.3354334
GMB134,금오산사거리,10134,36.12701797,128.3356471
GMB252,동우그린파크,10252,36.11660068,128.3358896
GMB867,형남중학교앞,10867,36.10374953,128.3360374
GMB866,형남중학교건너,10866,36.10249791,128.3361706
GMB2331,어로1리입구,12331,36.04833042,128.336221
GMB814,푸르지오캐슬B단지,10814,36.12461998,128.3362336
GMB296,미성빌라,10296,36.11641559,128.3364245
GMB1080,궁기2리 농바우(신곡방면),11080,36.31062966,128.3364315
GMB2332,어로1리,12332,36.04854274,128.3364427
GMB1081,궁기2리 농바우(임호방면),11081,36.31073964,128.3365059
GMB813,푸르지오캐슬A단지,10813,36.12387004,128.3375058
GMB669,원평동(대구은행앞방면),10669,36.12796287,128.3375291
GMB865,형곡중앙시장앞,10865,36.10707545,128.3375302
GMB2095,동부늘푸른타운아파트,12095,36.07053306,128.3375684
GMB670,원평동(지산1동방면),10670,36.12785903,128.3376791
GMB2639,인평2리마을회관건너,12639,36.06086136,128.3377807
GMB2393,인평초등학교,12393,36.0709105,128.3378041
GMB901,원평동 행정복지센터 건너,10901,36.12609076,128.3378618
GMB794,가톨릭근로자문화센터,10794,36.12317589,128.3380218
GMB860,형곡중앙시장건너,10860,36.1074854,128.33809
GMB2642,인평2리마을회관앞,12642,36.06099851,128.3381904
GMB348,형곡금호어울림앞,10348,36.11942608,128.3384505
GMB1042,지산네거리,11042,36.13221061,128.3384952
GMB285,원호세영리첼레이크뷰앞,10285,36.15798584,128.3385699
GMB349,형곡금호어울림건너,10349,36.1195303,128.3386924
GMB667,원리 회차,10667,36.22639846,128.3387142
GMB1019,형곡네거리,11019,36.1167724,128.338849
GMB714,일선교(일선교정류장방면),10714,36.27281747,128.3389087
GMB715,일선교(생곡리방면),10715,36.27287946,128.3389519
GMB137,원평동 행정복지 센터 앞,10137,36.12575045,128.3389717
GMB855,형곡4주공네거리(형곡초등학교방면),10855,36.11272082,128.339022
GMB576,예강1리(고아119안전센터건너),10576,36.20034845,128.3391453
GMB863,형곡초등학교앞,10863,36.10960798,128.3391981
GMB121,궁기2리(궁기2리재궁방면),10121,36.29954968,128.3392308
GMB864,형곡초등학교건너,10864,36.1098766,128.3393254
GMB120,궁기2리(도개정류장방면),10120,36.2996122,128.3394038
GMB856,형곡4주공네거리(차병원앞방면),10856,36.11284166,128.339454
GMB284,원호세영리첼레이크뷰건너,10284,36.15837877,128.3394618
GMB575,예강1리(고아119안전센터앞),10575,36.19973755,128.3397685
GMB478,송정동번개시장앞,10478,36.12202085,128.3397761
GMB138,금오시장 건너,10138,36.12522621,128.3397919
GMB854,형곡4거리,10854,36.11641799,128.3399186
GMB1236,새마을로입구(사곡방면),11236,36.11170851,128.3400464
GMB2115,인평공원서편 건너,12115,36.0729515,128.3400658
GMB2116,인평공원서편,12116,36.07286892,128.340157
GMB786,차병원앞,10786,36.11482196,128.3402669
GMB785,차병원건너,10785,36.11490411,128.3402752
GMB1235,새마을로입구(형곡방면),11235,36.11170877,128.3404924
GMB479,송정동번개시장건너,10479,36.12123613,128.340693
GMB141,원평119안전센터,10141,36.12877408,128.3407836
GMB657,금오시장 입구,10657,36.1247954,128.3408086
GMB480,송정동이구빌라,10480,36.11717075,128.3408124
GMB88,구미여자상업고,10088,36.10888491,128.3414852
GMB87,구미여자상업고건너,10087,36.10910153,128.3416864
GMB2114,인평공원 앞,12114,36.07227677,128.341955
GMB2113,인평공원건너,12113,36.07228293,128.3421526
GMB476,송원고가밑(터미널네거리방면),10476,36.12387024,128.3422196
GMB2608,두성아파트약목건너,12608,36.0465211,128.3428532
GMB2607,두성아파트약목앞,12607,36.04624683,128.3430616
GMB2641,북삼농협앞,12641,36.0613667,128.3432877
GMB2212,북삼중학교,12212,36.07127176,128.34333
GMB2215,북삼초등학교앞,12215,36.06447212,128.3433998
GMB2640,북삼농협건너,12640,36.06126247,128.3434737
GMB2216,북삼초등학교맞은편,12216,36.06427861,128.3435309
GMB2209,북삼읍지구대,12209,36.06276614,128.3435885
GMB2210,북삼읍지구대건너,12210,36.06241768,128.343718
GMB499,시청정문건너,10499,36.11766432,128.343725
GMB665,원3리 어게이(원3리 종점방면),10665,36.21886559,128.3437991
GMB28,송원고가입구삼거리(구미종합터미널방면),10028,36.1270635,128.3438338
GMB2211,북삼중학교건너,12211,36.07096461,128.3439547
GMB303,반석드림빌건너,10303,36.11624888,128.3439584
GMB477,송원고가밑(구미역방면),10477,36.12337863,128.3439605
GMB500,시청후문건너,10500,36.12057953,128.34405
GMB19,문성레이크자이아파트,10019,36.16061792,128.3441867
GMB304,반석드림빌앞,10304,36.11619807,128.3442169
GMB2214,북삼로입구건너,12214,36.06719058,128.344342
GMB2378,율1리,12378,36.05659755,128.3443557
GMB760,지산1동(원평1동방면),10760,36.13335978,128.3443944
GMB501,시청후문앞,10501,36.12046343,128.3444999
GMB2379,율1리입구,12379,36.05723105,128.3445036
GMB20,경남아너스빌앞,10020,36.16075998,128.3445282
GMB2213,북삼중학교입구,12213,36.06777697,128.3445837
GMB2380,율리,12380,36.05159799,128.3449823
GMB759,지산1동(지산수우입구방면),10759,36.13292572,128.3449849
GMB2381,율리입구,12381,36.05240753,128.3451326
GMB498,시청정문앞,10498,36.11813461,128.3451544
GMB767,지산수우입구(지산1동방면),10767,36.13543748,128.3452999
GMB1048,문성2지구,11048,36.15339037,128.3453614
GMB27,송원고가입구삼거리(지산1동방면),10027,36.12641889,128.3454733
GMB123,궁기2리재궁건너,10123,36.29452005,128.3457627
GMB768,지산수우입구(지산동행정복지센터방면),10768,36.13615309,128.3457642
GMB122,궁기2리재궁앞,10122,36.29460278,128.3459319
GMB2702,북삼정형외과앞,12702,36.0674416,128.3459328
GMB763,지산동행정복지센터앞,10763,36.13855508,128.346019
GMB2200,복성4리건너,12200,36.04523767,128.3461801
GMB2703,북삼정형외과건너,12703,36.06746984,128.3462488
GMB764,지산동행정복지센터건너,10764,36.13864427,128.3463453
GMB139,구미제일고앞,10139,36.1418934,128.346633
GMB140,구미제일고건너,10140,36.14118119,128.3468168
GMB2201,복성4리,12201,36.04520336,128.3469594
GMB716,일선교정류장건너,10716,36.27224724,128.3473951
GMB717,일선교정류장앞,10717,36.27233569,128.3475018
GMB2434,창신아파트건너,12434,36.06979656,128.3475041
GMB765,지산새마을금고앞,10765,36.14458492,128.347553
GMB766,지산새마을금고건너,10766,36.14388204,128.3475983
GMB804,터미널네거리(송원고가밑방면),10804,36.12241555,128.347712
GMB841,항곡현일중고등학교건너,10841,36.18837296,128.3477717
GMB2433,창신아파트,12433,36.07044169,128.34787
GMB842,항곡현일중고등학교앞,10842,36.18855141,128.347984
GMB803,터미널네거리(오성예식장앞방면),10803,36.12221647,128.348001
GMB761,지산2동(지산새마을금고방면),10761,36.14631747,128.3481478
GMB790,문성태완노블리안아파트,10790,36.16120816,128.3482657
GMB762,지산2동(문성새마을방면),10762,36.14578123,128.3482688
GMB791,청솔아파트앞,10791,36.16140064,128.3483573
GMB482,송정여중입구앞,10482,36.11545425,128.3483607
GMB250,교촌통닭1호점,10250,36.12011386,128.3483809
GMB251,동아백화점앞,10251,36.12000033,128.3484882
GMB502,신곡,10502,36.31663087,128.348747
GMB292,문화예술회관후문건너,10292,36.1191031,128.3489778
GMB2271,소망빌라,12271,36.06678025,128.3492396
GMB783,칠창(낙산리방면),10783,36.26293524,128.3493285
GMB169,오태늘푸른아파트,10169,36.0717566,128.349346
GMB293,문화예술회관후문앞,10293,36.11876558,128.3494155
GMB2272,소망빌라건너,12272,36.06677353,128.3494971
GMB784,칠창(일선리방면),10784,36.26282927,128.3495343
GMB719,일선리(칠창방면),10719,36.26936319,128.3495843
GMB668,원리3리 종점,10668,36.21288282,128.3496032
GMB481,송정여중입구건너,10481,36.11509095,128.3496152
GMB720,일선리(일선교정류장방면),10720,36.2694507,128.349639
GMB288,문성새마을(지산2동방면),10288,36.15016001,128.3496713
GMB152,낙산리(구미보방면),10152,36.25359125,128.3497799
GMB153,낙산리(칠창방면),10153,36.25340708,128.3498516
GMB289,문성새마을(농산물도매시장방면),10289,36.15003664,128.3499279
GMB180,대동아파트,10180,36.07211388,128.3501134
GMB302,박정희대통령생가앞,10302,36.08807272,128.3501268
GMB299,박정희대통령생가건너,10299,36.08792327,128.3503443
GMB178,대동3차아파트앞,10178,36.07101989,128.3503812
GMB338,봉한2리(항곡현일중고등학교앞방면),10338,36.18257734,128.3505453
GMB179,대동3차아파트건너,10179,36.07090926,128.3507635
GMB414,새마을로(사곡전원리빙필방면),10414,36.10671164,128.3507782
GMB337,봉한2리(봉한1리방면),10337,36.18121556,128.3508266
GMB89,구미종합터미널건너,10089,36.12257533,128.3508425
GMB91,구미종합터미널앞,10091,36.12261704,128.3510572
GMB1122,새마을운동테마공원,11122,36.09130358,128.3510978
GMB395,상모고등학교건너,10395,36.08383706,128.3511371
GMB402,상모로타리앞,10402,36.08873436,128.3512431
GMB1053,태왕아너스아파트,11053,36.16243036,128.3513376
GMB1098,태왕아너스아파트건너,11098,36.16226066,128.3513634
GMB1158,새마을운동테마공원건너,11158,36.09143623,128.351442
GMB394,상모고등학교앞,10394,36.08365159,128.3514628
GMB386,상공회의소건너,10386,36.11768576,128.351463
GMB413,새마을로(구미여자상업고방면),10413,36.10653403,128.3516723
GMB92,오성예식장앞,10092,36.12114684,128.3517371
GMB838,한신아파트후문,10838,36.11830498,128.3517954
GMB163,농산물도매시장앞,10163,36.1563131,128.3518658
GMB496,시민운동장,10496,36.11418673,128.3519695
GMB335,봉한1리(낙동강부대앞방면),10335,36.17806241,128.351996
GMB1099,남구미요양병원건너,11099,36.07799438,128.3521629
GMB336,봉한1리(봉한2리방면),10336,36.17848831,128.3521803
GMB539,신한그린타운건너,10539,36.06872811,128.3521871
GMB1220,지산샛강생태공원,11220,36.13692264,128.3522163
GMB1100,남구미요양병원,11100,36.07770357,128.3522301
GMB164,농산물도매시장건너,10164,36.15642388,128.3522325
GMB516,신림,10516,36.2806479,128.3522366
GMB387,상공회의소앞,10387,36.11771546,128.352238
GMB515,신림,10515,36.28096147,128.3523041
GMB540,신한그린타운앞,10540,36.06867905,128.352305
GMB495,시민운동장건너,10495,36.11410775,128.3524285
GMB1157,e편한세상 금오파크정문건너,11157,36.10597023,128.3528871
GMB286,문성3리(농산물도매시장방면),10286,36.16091185,128.3529459
GMB358,사곡고등학교앞,10358,36.09607632,128.3531815
GMB359,사곡고등학교건너,10359,36.09598662,128.3533069
GMB287,문성3리(낙동강부대건너방면),10287,36.16127021,128.3533855
GMB468,송림네거리(문성3리방면),10468,36.16327269,128.3535311
GMB154,남구미자동차학원건너,10154,36.07928079,128.3535335
GMB301,상모경로당앞,10301,36.08906235,128.3536971
GMB205,도개1리 금오산한과,10205,36.28830969,128.3538179
GMB204,도개1리 금오산한과,10204,36.28841701,128.3538284
GMB1156,e편한세상 금오파크정문,11156,36.10519488,128.3539641
GMB155,남구미자동차학원앞,10155,36.07943601,128.3540679
GMB381,삼성장미아파트앞,10381,36.11493225,128.3541987
GMB32,낙동강부대앞,10032,36.16946911,128.354261
GMB382,삼성장미아파트건너,10382,36.11496739,128.3543051
GMB300,상모동신빌라트앞,10300,36.08941737,128.3544656
GMB1002,농협파머스마켓앞,11002,36.12221261,128.354518
GMB916,구미보,10916,36.23139362,128.3545732
GMB33,낙동강부대건너,10033,36.16929597,128.3546324
GMB467,송림네거리(청솔아파트방면),10467,36.16324542,128.3548983
GMB290,송림네거리(송림방면),10290,36.16316611,128.3550598
GMB404,상모동(상모정수도서관건너방면),10404,36.08897605,128.3551287
GMB917,구미보건너,10917,36.23117789,128.3551384
GMB400,상모동신인터빌건너,10400,36.09159614,128.355295
GMB1222,송정범양레우스,11222,36.11918152,128.3553414
GMB396,상모정수도서관건너,10396,36.0868706,128.3553528
GMB405,상모동(상모중학교방면),10405,36.08826925,128.3553544
GMB401,상모동신인터빌앞,10401,36.09159555,128.3554437
GMB403,사곡보성1차건너,10403,36.09379646,128.3554777
GMB1183,이편한세상 금오파크후문,11183,36.10228177,128.3554781
GMB291,문성지구 출발,10291,36.16358661,128.3554915
GMB397,상모정수도서관앞,10397,36.08673229,128.3555154
GMB364,사곡보성1차,10364,36.09382041,128.3556281
GMB1184,이편한세상 금오파크후문건너,11184,36.10221939,128.3557446
GMB202,도개1리,10202,36.28931951,128.3563312
GMB1091,신림리 새마(다곡리 방면),11091,36.2831558,128.3565978
GMB1090,신림리 새마(일선교정류장방면),11090,36.28324022,128.3566314
GMB611,오태2동입구,10611,36.08188687,128.3566818
GMB203,도개1리,10203,36.28919325,128.3567515
GMB128,금오고등학교입구,10128,36.10897584,128.3568057
GMB129,금오고등학교입구건너,10129,36.10901965,128.35694
GMB1089,도개리,11089,36.28749912,128.3569463
GMB654,상모우방2단지앞,10654,36.08343635,128.3570776
GMB655,상모우방1단지앞,10655,36.08369698,128.3571187
GMB1231,사곡역,11231,36.09810926,128.3572032
GMB612,오태2동입구건너,10612,36.08285156,128.3573531
GMB1006,봉죽사앞,11006,36.10541338,128.3573541
GMB366,사곡전원리빙필앞,10366,36.10155417,128.3574719
GMB365,사곡전원리빙필건너,10365,36.10128668,128.3575168
GMB1007,봉죽사건너,11007,36.10524176,128.3575476
GMB1230,사곡역,11230,36.09869732,128.3578993
GMB1229,사곡역,11229,36.09855029,128.357961
GMB398,상모농협앞,10398,36.08859505,128.3585087
GMB399,상모농협건너,10399,36.08867669,128.3586041
GMB407,상모초등학교,10407,36.0910899,128.3586806
GMB652,화성파크2단지앞,10652,36.08647096,128.358735
GMB406,상모중학교,10406,36.09104993,128.3588175
GMB360,사곡동(사곡동새마을방면),10360,36.09730457,128.3588206
GMB653,화성파크2단지건너,10653,36.08656144,128.35883
GMB361,사곡동(보성황실2차아파트방면),10361,36.09687599,128.3588907
GMB1056,사곡초등학교건너,11056,36.09924049,128.3589394
GMB609,오태2동 묘골(오태2동종점방면),10609,36.07436599,128.358979
GMB1055,사곡초등학교,11055,36.09935005,128.3590485
GMB610,오태2동 묘골(남구미자동차학원방면),10610,36.074345,128.3590567
GMB363,사곡동새마을(사곡동방면),10363,36.09418973,128.3591379
GMB362,사곡동새마을(상모초등학교방면),10362,36.0939735,128.3591416
GMB2346,오성아파트,12346,36.04052135,128.3591641
GMB314,보성황실2차아파트(홈플러스정문방면),10314,36.1016221,128.3591989
GMB528,강산타운아파트건너,10528,36.12136467,128.3594827
GMB529,강산타운아파트앞,10529,36.12130118,128.3595886
GMB682,월곡마을회관앞,10682,36.23062936,128.3596291
GMB681,월곡마을회관건너,10681,36.23054855,128.3597009
GMB315,보성황실2차아파트정문앞,10315,36.10109819,128.359855
GMB532,구미IC네거리(구미경찰서방면),10532,36.1192019,128.3602375
GMB531,구미IC네거리(구미종합터미널건너방면),10531,36.11954476,128.360403
GMB17,강정(봉한2리방면),10017,36.19255621,128.3605911
GMB18,강정(해평버스정류장방면),10018,36.19254923,128.3607716
GMB207,도개2리(신라불교초전지건너),10207,36.28850659,128.3612344
GMB536,신평파출소앞,10536,36.12202719,128.3612751
GMB2620,복성4리(옥만이)건너,12620,36.03923314,128.3612776
GMB530,신평농협,10530,36.12210876,128.3613657
GMB2600,복성4리(옥만이),12600,36.03879635,128.3614145
GMB206,도개2리(신라불교초전지),10206,36.28847397,128.3614463
GMB949,웅진케미칼사원아파트,10949,36.09005654,128.3617464
GMB261,괴평3리마을회관,10261,36.14207742,128.3625818
GMB679,월곡리(산양리방면),10679,36.23018425,128.3626841
GMB526,구미경찰서건너,10526,36.11635694,128.3626925
GMB869,홈플러스정문건너,10869,36.10317977,128.3627585
GMB680,월곡리(월곡마을회관방면),10680,36.23007439,128.363005
GMB870,홈플러스정문앞,10870,36.10302707,128.3630736
GMB527,구미경찰서,10527,36.11633944,128.363118
GMB1208,양호동 경로당,11208,36.1332724,128.3631524
GMB48,광명빌딩앞,10048,36.10634792,128.3633831
GMB259,롯데마트건너,10259,36.11386599,128.3633834
GMB2646,약목역,12646,36.03733212,128.363485
GMB2643,약목역건너,12643,36.03687889,128.3634947
GMB533,신평시장,10533,36.12301865,128.3635922
GMB930,이마트건너,10930,36.10937121,128.3638022
GMB260,롯데마트앞,10260,36.11347676,128.3639097
GMB535,신평중학교입구,10535,36.12297327,128.3639714
GMB145,삼도뷰앤빌건너삼거리,10145,36.08713864,128.364082
GMB693,이마트정문,10693,36.10961375,128.3641705
GMB1248,송림교차로(문성방면),11248,36.167825,128.364203
GMB1087,신림리 섬마(다곡리 방면),11087,36.28368103,128.364228
GMB1249,송림교차로(5공단방면),11249,36.167731,128.364231
GMB1088,신림리 섬마(일선교정류장방면),11088,36.28372025,128.3643359
GMB144,삼도뷰앤빌앞삼거리,10144,36.08742628,128.364538
GMB464,송림(괴평무지개아파트방면),10464,36.16858426,128.3648494
GMB53,광평동푸르지오아파트건너,10053,36.10196731,128.3650976
GMB463,송림(문성지구 출발방면),10463,36.16877484,128.3651269
GMB2327,약목,12327,36.0346419,128.3651326
GMB2328,약목건너,12328,36.03465341,128.3652405
GMB52,광평동푸르지오아파트앞,10052,36.10215374,128.3653734
GMB729,임은동코오롱하늘채건너,10729,36.08680229,128.3653969
GMB730,임은동코오롱하늘채앞,10730,36.08656788,128.3654252
GMB1022,대평마을,11022,36.13836698,128.3654976
GMB534,신평우석아파트,10534,36.12209966,128.3662765
GMB692,이마트(광평동노인회관방면),10692,36.10984142,128.3663333
GMB49,광평동노인회관,10049,36.10677417,128.3663357
GMB50,광평동행정복지센터앞,10050,36.10375733,128.3663483
GMB613,오태2동종점,10613,36.07040888,128.3664455
GMB608,오태2동 구봉 종점출발,10608,36.07052287,128.3664589
GMB725,임은동(삼도뷰앤빌앞삼거리방면),10725,36.08839625,128.3665792
GMB726,임은동(임오동행정복지센터건너방면),10726,36.08832059,128.366667
GMB741,신평e편한세상아파트,10741,36.12208905,128.3668827
GMB173,다곡리,10173,36.28706832,128.367237
GMB947,금오공업고등학교건너,10947,36.11742367,128.3675089
GMB62,괴평무지개아파트건너,10062,36.16965023,128.3675643
GMB170,다곡1리마을회관,10170,36.28696816,128.3675667
GMB2329,약목주유소,12329,36.03152381,128.3676129
GMB2330,약목주유소건너,12330,36.03159541,128.3676507
GMB370,산양리(해평초등학교향산분교건너방면),10370,36.22598689,128.3687124
GMB372,산양리(월곡리방면),10372,36.22605372,128.3689028
GMB98,구운초등학교건너(다식수도가압장방면),10098,36.17007783,128.3693676
GMB728,임오동행정복지센터건너,10728,36.08902654,128.3694386
GMB1250,구운교차로(송림방면),11250,36.169712,128.369452
GMB97,구운초등학교건너(괴평방면),10097,36.17008919,128.369472
GMB99,구운초등학교앞,10099,36.17020121,128.3694796
GMB1251,구운교차로(5공단방면),11251,36.169602,128.369545
GMB143,금오중학교앞,10143,36.08637669,128.3697667
GMB795,KEC정문,10795,36.11099983,128.3698439
GMB796,코오롱,10796,36.11077982,128.3699076
GMB727,임오동행정복지센터앞,10727,36.08926639,128.3699093
GMB142,금오중학교건너,10142,36.08657871,128.3699584
GMB354,비산사거리(금오공대아파트건너),10354,36.12056062,128.3704158
GMB1237,다식리(지산동방면),11237,36.165083,128.370695
GMB174,다식수도가압장(다식리방면),10174,36.16644017,128.3708895
GMB175,다식수도가압장(구운초방면),10175,36.16631084,128.3709169
GMB176,다식리(구운초방면),10176,36.16477312,128.3710369
GMB355,비산사거리(금오공대아파트앞),10355,36.12032908,128.3711616
GMB149,한국폴리텍대학건너,10149,36.11665336,128.3717821
GMB833,KEC동편앞,10833,36.11120589,128.3718124
GMB150,한국폴리텍대학앞,10150,36.11785168,128.371852
GMB834,KEC동편건너,10834,36.11139002,128.3718871
GMB995,비산동행정복지센터건너,10995,36.11959526,128.3721465
GMB958,비산동행정복지센터앞,10958,36.11946109,128.3722112
GMB371,산양리(송곡리방면),10371,36.22399559,128.372295
GMB373,산양리(해평초등학교향산분교앞방면),10373,36.22400514,128.3724199
GMB1165,금강물류,11165,36.07159158,128.3726608
GMB61,괴평,10061,36.17148469,128.3727444
GMB416,새한단지앞(직물협업단지방면),10416,36.10199831,128.3727549
GMB2671,오평,12671,36.05315252,128.3729699
GMB415,새한단지앞(광평동푸르지오아파트방면),10415,36.10215111,128.3729876
GMB2348,오평,12348,36.05306672,128.3729878
GMB1252,한국수자원공사입구건너,11252,36.170534,128.37308
GMB356,비산초등건너,10356,36.119626,128.3731457
GMB1253,한국수자원공사입구,11253,36.170437,128.373201
GMB840,한염건너,10840,36.08982361,128.3732304
GMB839,한염앞,10839,36.08995381,128.3732346
GMB1138,우림필유아파트,11138,36.12288032,128.3739716
GMB1110,우림필유건너,11110,36.12276677,128.3740641
GMB956,(주)KTG,10956,36.11533286,128.37438
GMB1009,(주)KTG건너,11009,36.11528092,128.3744447
GMB831,LG유니참앞,10831,36.1110117,128.3744998
GMB1073,강변코오롱하늘채건너,11073,36.12412088,128.3747037
GMB357,비산초등앞,10357,36.11948734,128.3747878
GMB1072,강변코오롱하늘채앞,11072,36.12391707,128.374928
GMB462,송곡리(산양리방면),10462,36.22160905,128.3750285
GMB607,오태1동,10607,36.07968892,128.3751888
GMB656,우본 자동차검사소,10656,36.12115407,128.3752575
GMB2674,오리골건너,12674,36.05526278,128.3754718
GMB2673,오리골,12673,36.05537099,128.3754787
GMB172,다곡다항(땅재입구방면),10172,36.28292604,128.376028
GMB460,송곡리(금호1리방면),10460,36.21979386,128.3760372
GMB461,송곡리(송덕휴게소앞),10461,36.21992413,128.3760888
GMB171,다곡다항(다곡1리마을회관방면),10171,36.28292313,128.3762313
GMB2170,약목고등학교입구건너,12170,36.02700629,128.3765374
GMB1046,TK케미칼2공장앞,11046,36.09565649,128.3767833
GMB798,태광산업,10798,36.09893708,128.3767848
GMB571,영남에너지서비스앞,10571,36.09342796,128.3768366
GMB541,금오레미콘앞,10541,36.09049153,128.376876
GMB524,신창메디칼앞,10524,36.08825037,128.3769147
GMB242,동국방직,10242,36.09832604,128.3769198
GMB835,TK케미칼2공장건너,10835,36.09598712,128.3769486
GMB446,성안합섬건너,10446,36.08455647,128.3769759
GMB572,영남에너지서비스건너,10572,36.09308946,128.376986
GMB47,공단본부건너,10047,36.1108184,128.3769909
GMB542,금오레미콘건너,10542,36.09069636,128.3770214
GMB2169,약목고등학교입구,12169,36.0261493,128.3770504
GMB525,신창메디칼건너,10525,36.08872283,128.3770533
GMB447,성안합섬앞,10447,36.08392559,128.3771315
GMB770,직물협업단지(순천향병원방면),10770,36.10200273,128.3777647
GMB998,오태1동입구,10998,36.07978723,128.3777738
GMB606,오태1동입구건너,10606,36.07977184,128.3779292
GMB769,직물협업단지(태광산업방면),10769,36.1021553,128.3780343
GMB127,금호1리(송곡리방면),10127,36.21766726,128.3782301
GMB126,금호1리(금호2리방면),10126,36.21737566,128.378418
GMB46,공단본부앞,10046,36.11103985,128.378652
GMB996,LG이노텍공장건너,10996,36.11529793,128.3789567
GMB957,LG이노텍공장앞,10957,36.11535061,128.3790839
GMB311,벽산아파트,10311,36.12266247,128.3793933
GMB350,비산벽산A,10350,36.11963836,128.3795089
GMB351,비산벽산A건너,10351,36.11951253,128.3795181
GMB2171,무림2리건너,12171,36.02448958,128.3802131
GMB2172,무림2리입구,12172,36.02463823,128.3803706
GMB554,양호동종점,10554,36.13544548,128.3814603
GMB459,송곡1리(해평도리사방면),10459,36.24207106,128.3819202
GMB42,파라디아A건너,10042,36.10363554,128.3819842
GMB44,공단3주공건너,10044,36.10607132,128.3820056
GMB567,엘지PDP옆,10567,36.10991171,128.382016
GMB1167,다곡리 다항(배넘이골),11167,36.28035082,128.3820627
GMB966,에스디원건너,10966,36.08636265,128.3820749
GMB45,공단3주공앞,10045,36.10615119,128.382081
GMB832,엘지PDP옆A,10832,36.11044666,128.382094
GMB43,파라디아A앞,10043,36.1042222,128.3821065
GMB353,비산보성타운건너,10353,36.11952183,128.3822512
GMB352,비산보성타운앞,10352,36.11964599,128.3824094
GMB490,순천향병원앞,10490,36.10221962,128.3824864
GMB1166,다곡리 다항,11166,36.28043401,128.3825082
GMB489,순천향병원건너,10489,36.10195469,128.3826362
GMB75,구미세무서건너,10075,36.11081041,128.3831988
GMB1179,해평리마을입구,11179,36.18706128,128.3833092
GMB74,구미세무서앞,10074,36.11102995,128.3834247
GMB2036,관호초등학교입구,12036,36.02058579,128.3835401
GMB247,팜한농건너,10247,36.0833835,128.383739
GMB2035,관호초등학교건너,12035,36.02119296,128.3839761
GMB246,팜한농앞,10246,36.08367082,128.3842212
GMB579,예일베어링건너,10579,36.11952734,128.3845454
GMB580,예일베어링앞,10580,36.11965009,128.3847173
GMB808,평생교육원앞,10808,36.10597731,128.3852368
GMB317,복지상가앞,10317,36.10359282,128.3852565
GMB906,부광상가,10906,36.09854886,128.385294
GMB452,세무서4거리,10452,36.11161685,128.3853193
GMB190,태평양금속정문건너,10190,36.09146857,128.3853559
GMB908,LG전자앞,10908,36.08892797,128.3853765
GMB160,LIG넥스원건너,10160,36.11580114,128.3853954
GMB818,프로템건너,10818,36.08547201,128.3854022
GMB807,평생교육원건너,10807,36.10629841,128.3854115
GMB316,복지상가건너,10316,36.10315375,128.3854387
GMB564,엘지연수원앞,10564,36.12118356,128.3854936
GMB1191,세무서네거리,11191,36.112059,128.3855048
GMB189,태평양금속정문앞,10189,36.09223347,128.3855255
GMB907,LG전자건너,10907,36.08893236,128.3855491
GMB161,LIG넥스원앞,10161,36.11577892,128.3855712
GMB458,송곡1리(송곡리방면),10458,36.22641086,128.3856116
GMB2121,덕산,12121,36.04289079,128.3856621
GMB563,엘지연수원건너,10563,36.12109098,128.385668
GMB2669,덕산,12669,36.04277346,128.3856904
GMB921,금호2리(금오1리방면),10921,36.21202267,128.3863858
GMB2029,관호1리,12029,36.01787139,128.386392
GMB920,금호2리(해평농공단지방면),10920,36.21185632,128.3864414
GMB974,백셀,10974,36.09744839,128.3867431
GMB952,(주)대송텍,10952,36.09737141,128.3870271
GMB2030,관호2리,12030,36.01803109,128.3870743
GMB2031,칠곡경찰서건너,12031,36.00938215,128.3874307
GMB2032,관호3리입구,12032,36.00938215,128.3874307
GMB1177,해평리(해평교),11177,36.18820239,128.3874425
GMB1178,해평리(해평교),11178,36.18837883,128.3875238
GMB973,태평양금속,10973,36.09268483,128.3877557
GMB910,LS전선,10910,36.11079446,128.3877894
GMB905,온페이스에스디씨,10905,36.11104623,128.3881062
GMB951,정우엔지니어링,10951,36.09283014,128.3881316
GMB1223,밀턴힐카운티앞,11223,36.13047876,128.3884962
GMB1224,밀턴힐카운티건너,11224,36.13034954,128.3886358
GMB2349,오평리 사말리,12349,36.0574775,128.3888131
GMB2670,오평리 사말리,12670,36.05748839,128.3889589
GMB1133,공단지구어린이공원,11133,36.09563258,128.3893146
GMB844,해평농공단지건너,10844,36.20619255,128.3893716
GMB1132,공단지구어린이공원앞,11132,36.09563346,128.3894008
GMB2232,삼주아파트,12232,36.00283587,128.3895037
GMB845,해평농공단지앞,10845,36.20623698,128.3895062
GMB2033,관호5거리,12033,36.00367486,128.3897959
GMB849,해평초등학교,10849,36.20317716,128.3902717
GMB2034,관호5거리입구,12034,36.0034848,128.3904001
GMB1228,해평면행정복지센터건너,11228,36.19988186,128.3909813
GMB1226,해평면행정복지센터앞,11226,36.19992758,128.3910558
GMB553,양호동빈수골(엘지연수원방면),10553,36.12909225,128.3912447
GMB927,태극마을(양호동종점방면),10927,36.13142121,128.3914426
GMB552,양호동빈수골(금오공대입구방면),10552,36.12901578,128.391598
GMB926,태극마을(금오공대입구방면),10926,36.13135284,128.3917621
GMB2676,관호2리입구 건너,12676,36.01377527,128.3920381
GMB2675,관호2리입구,12675,36.01390295,128.3921265
GMB256,신화촌(다곡다항방면),10256,36.27672492,128.3931519
GMB257,신화촌(수철방면),10257,36.27657778,128.3933552
GMB2367,우방신천지타운,12367,36.07438013,128.3934232
GMB848,해평버스정류장,10848,36.194972,128.393444
GMB2368,우방신천지타운건너,12368,36.07444258,128.3936966
GMB132,금오공대종점,10132,36.14313118,128.3944406
GMB2534,한솔입구(남율동산마을건너방면),12534,36.07126188,128.3948007
GMB2535,한솔입구맞은편,12535,36.0718006,128.3948335
GMB2543,석적농협맞은편,12543,36.07624061,128.3949932
GMB2542,석적농협,12542,36.07605624,128.3950184
GMB602,오상리새마을금고앞(문량리방면),10602,36.19046336,128.3951187
GMB603,오상리새마을금고앞(해평정류장방면),10603,36.19027965,128.3953042
GMB1105,일이삼철강 건너,11105,36.13471415,128.396422
GMB131,금오공대입구(옥계중학교방면),10131,36.13949422,128.3967115
GMB130,금오공대입구(금오공대종점방면),10130,36.13955491,128.3969525
GMB1005,창림리,11005,36.22875429,128.3970266
GMB600,오상리(문량리방면),10600,36.18661433,128.3975741
GMB601,오상리(오상리새마을금고앞방면),10601,36.18701243,128.3975781
GMB281,문량리(괴곡2리방면),10281,36.18254247,128.3982024
GMB283,문량리(오상리방면),10283,36.18257159,128.3983132
GMB2225,삼부쇼핑,12225,35.98118914,128.3985381
GMB2226,삼부유통,12226,35.98202388,128.3987074
GMB2356,왜관북부,12356,35.99710661,128.3988873
GMB2290,순심여고입구,12290,35.98614966,128.3989818
GMB2083,남율동산마을건너,12083,36.06706114,128.3990768
GMB2291,순심여고건너,12291,35.98608972,128.3991104
GMB2718,왜관역,12718,35.99182563,128.3992441
GMB2719,왜관역,12719,35.99136515,128.3992704
GMB2084,남율동산마을,12084,36.06713051,128.3992992
GMB2051,금산리 강창건너,12051,35.96021603,128.3994405
GMB2050,금산리 강창,12050,35.96044553,128.3996087
GMB937,남구미대교(팜한농방면),10937,36.08333732,128.3997012
GMB2355,왜관남부,12355,35.98907982,128.3997444
GMB2545,남광하우스토리,12545,36.07793389,128.399778
GMB936,남구미대교1(대교광장방면),10936,36.08312282,128.3998504
GMB2541,남광하우스토리건너,12541,36.07829078,128.4001112
GMB282,문량리(괴곡리방면),10282,36.1804187,128.4004524
GMB2086,석적행정복지센터,12086,36.06504832,128.400547
GMB2085,남율1리,12085,36.06355111,128.4010409
GMB488,수철건너,10488,36.27398345,128.4010555
GMB847,해평도리사출발,10847,36.24657922,128.4011188
GMB846,해평도리사,10846,36.24649962,128.4011419
GMB487,수철앞,10487,36.27400454,128.4011761
GMB244,구미과학관,10244,36.1021352,128.4018345
GMB2430,창마,12430,36.01645865,128.4019813
GMB1093,구미과학관 건너,11093,36.10156064,128.4019882
GMB2431,칠곡보(창마),12431,36.01634306,128.4020327
GMB983,갑을병원건너,10983,36.10694895,128.4022135
GMB2644,석적행정타운건너,12644,36.06495522,128.4022374
GMB2648,호국평화기념관건너,12648,36.01851972,128.4025645
GMB758,경북경제진흥원건너,10758,36.10549822,128.4027925
GMB2645,석적행정타운,12645,36.06535953,128.40287
GMB747,전자공고,10747,36.11638591,128.402971
GMB2647,호국평화기념관,12647,36.01913567,128.4029851
GMB243,동락공원4주차장,10243,36.09277147,128.4031533
GMB1092,동락공원4주차장 건너,11092,36.09260205,128.4033041
GMB2411,중동교입구,12411,36.07858025,128.4033252
GMB2706,순심중고등학교,12706,35.98799769,128.4036109
GMB2707,왜관수도원,12707,35.98814568,128.403629
GMB245,동락공원입구,10245,36.11086209,128.4038159
GMB85,구미전자공고입구,10085,36.11107536,128.4038723
GMB980,동구미이마트앞,10980,36.10569601,128.4039997
GMB2337,에스케이주유소건너,12337,35.96229403,128.4052422
GMB2336,에스케이주유소,12336,35.96257899,128.4055564
GMB981,동구미이마트건너,10981,36.10551162,128.4056532
GMB2504,한국파워트레인,12504,35.96246429,128.4058108
GMB1232,푸르지오엘리포레시티,11232,36.14529179,128.4058813
GMB899,(주)효성건너,10899,36.09140919,128.4061525
GMB2081,남율강촌건너,12081,36.05476293,128.4061592
GMB2473,하수종말처리장,12473,36.08713655,128.4061898
GMB2505,TK케미칼3공장건너,12505,36.08075109,128.4062301
GMB442,성수1리,10442,36.15696016,128.4062631
GMB897,효성,10897,36.09117157,128.4063886
GMB2474,하수종말처리장건너,12474,36.08699987,128.4064388
GMB2139,TK케미칼3공장앞,12139,36.08110645,128.4064907
GMB262,LG디스플레이정문,10262,36.11087987,128.4069751
GMB233,도문2리(도문1리방면),10233,36.21046226,128.4070525
GMB1043,도레이첨단소재1공장,11043,36.10566059,128.4071168
GMB2082,남율강촌,12082,36.05439856,128.4071388
GMB232,도문2리(해평버스정류장방면),10232,36.21071037,128.407145
GMB2421,중리어울림아파트,12421,36.07610111,128.4072841
GMB2174,문화아파트건너,12174,35.98884157,128.407514
GMB2175,문화아파트,12175,35.98861521,128.4075936
GMB2637,효성해링턴건너,12637,36.06736421,128.4076745
GMB2638,효성해링턴앞,12638,36.06753924,128.4076885
GMB2422,중리어울림아파트건너,12422,36.07554509,128.407721
GMB2424,중마입구,12424,36.02449517,128.4078688
GMB2152,동산공업,12152,35.95588687,128.4079494
GMB2622,중리2교건너,12622,36.07610491,128.4080023
GMB57,괴곡2리(문양리방면),10057,36.17769938,128.4080638
GMB2423,중마,12423,36.02464485,128.4081032
GMB56,괴곡2리(괴곡1리방면),10056,36.1773987,128.4081399
GMB2324,야성하이텍,12324,35.95573098,128.4083385
GMB2449,케이에스씨,12449,35.95930306,128.4083571
GMB2506,한국화섬앞,12506,35.95919649,128.4083969
GMB2461,포남1리((구)석적읍행정복지센터)건너,12461,36.0506174,128.4086369
GMB559,"엘지디스플레이2,3공장",10559,36.11112056,128.408917
GMB2458,포남1리((구)석적읍행정복지센터),12458,36.0505113,128.409196
GMB2052,금산리야대기,12052,35.96435919,128.4092646
GMB2053,금산리야대기건너,12053,35.96448348,128.4098962
GMB1234,옥계중학교서편건너,11234,36.13846685,128.4099743
GMB2414,북중리,12414,36.07806017,128.4100148
GMB1233,옥계중학교서편,11233,36.13851367,128.4101034
GMB2416,북중리건너,12416,36.07797605,128.4101653
GMB162,효성티앤에스,10162,36.12407149,128.4102494
GMB2507,한성테크,12507,35.96071117,128.4103309
GMB384,삼성코닝어드밴스건너,10384,36.10151054,128.4104493
GMB898,효성티앤에스건너,10898,36.12423013,128.410452
GMB558,엘지디스플레이(시미동),10558,36.09730656,128.4104797
GMB561,SK실트론건너,10561,36.0918307,128.4105235
GMB70,구미레미콘건너,10070,36.08806215,128.4105503
GMB385,삼성코닝어드밴스앞,10385,36.10153272,128.4106231
GMB560,LG디스플레이건너,10560,36.09842482,128.4106587
GMB562,SK실트론앞,10562,36.0925787,128.4107115
GMB71,구미레미콘앞,10071,36.08796473,128.4107409
GMB902,KMC,10902,36.0841969,128.4107543
GMB618,옥계대백타운종점,10618,36.14778039,128.4108982
GMB2465,포남3리반지,12465,36.0255093,128.4109639
GMB2415,중리입구,12415,36.07998635,128.4110476
GMB2466,포남3리반지입구,12466,36.02550029,128.4110833
GMB2413,중리,12413,36.08010916,128.4111644
GMB380,삼성에스디에스,10380,36.11086874,128.4111699
GMB2464,포남3리,12464,36.03005272,128.4113527
GMB751,SK실트론1공장,10751,36.11111118,128.4114193
GMB2457,포남 3리,12457,36.03018595,128.4114217
GMB2462,포남2리,12462,36.04116915,128.4114431
GMB2463,포남2리입구,12463,36.04215703,128.4114558
GMB2061,금용기계,12061,35.95819364,128.4115357
GMB2407,금용기계 건너,12407,35.95810068,128.4116589
GMB625,옥계중학교건너,10625,36.13653893,128.4116706
GMB2418,중리교건너,12418,36.07516471,128.4117311
GMB2419,중리교,12419,36.07504706,128.4118511
GMB614,옥계대백타운 출발지,10614,36.14755073,128.4118693
GMB626,옥계중학교앞,10626,36.13694748,128.4118913
GMB565,엘지이노텍앞,10565,36.12696827,128.4120079
GMB2476,하이마트동부물류센터건너,12476,35.96583085,128.4123282
GMB2475,하이마트동부물류센터앞,12475,35.96569419,128.4124177
GMB2406,주공3단지,12406,35.98846125,128.4127056
GMB2001,3주공아파트,12001,35.9882476,128.4130244
GMB486,수도가압장건너편,10486,36.11090596,128.4133434
GMB505,신나리아파트,10505,36.13741013,128.4134284
GMB54,괴곡1리(괴곡3거리방면),10054,36.17264534,128.4134844
GMB55,괴곡1리(괴곡2리방면),10055,36.17273473,128.4135046
GMB566,엘지이노텍건너,10566,36.12679666,128.4136623
GMB624,옥계에덴타운(입구방면),10624,36.14734347,128.4136783
GMB623,옥계에덴타운(종점방면),10623,36.14745197,128.4137585
GMB2420,중리부영아파트,12420,36.07808629,128.4139376
GMB2417,중리 부영아파트,12417,36.07774113,128.4140903
GMB254,땅재(수철방면),10254,36.26905494,128.4147526
GMB255,땅재(달산2리방면),10255,36.26895611,128.4147978
GMB619,옥계대우아파트건너,10619,36.13695171,128.4149463
GMB483,수도가압장(SK실트론건너방면),10483,36.11112599,128.4150097
GMB1163,흥안골 입구,11163,36.15488794,128.4151529
GMB443,성수리입구(옥계방면),10443,36.16264796,128.4151796
GMB2025,공단근로복지회관,12025,35.96725973,128.415307
GMB2202,복지회관,12202,35.98850807,128.4153199
GMB445,성수리입구(산동육교방면),10445,36.16293495,128.4153484
GMB60,괴곡3거리(괴곡1리방면),10060,36.16833614,128.4153518
GMB2041,근로복지회관,12041,35.96712711,128.4153954
GMB1164,흥안골 입구 건너,11164,36.15489124,128.4154957
GMB448,성원아파트건너,10448,36.12871923,128.4155171
GMB58,괴곡3거리,10058,36.16724281,128.4155935
GMB449,성원아파트앞,10449,36.12882281,128.4158711
GMB2397,장곡중학교입구,12397,36.07470676,128.4160134
GMB2203,복지회관건너,12203,35.98815972,128.4161034
GMB620,옥계대우아파트앞,10620,36.13707774,128.4161328
GMB117,구포전원타운건너,10117,36.131179,128.4162168
GMB118,구포전원타운앞,10118,36.13133868,128.4165105
GMB2396,장곡중학교,12396,36.07474153,128.4165985
GMB115,구포동(구포전원타운방면),10115,36.13380595,128.4167196
GMB617,인동농협양포지점 건너,10617,36.1469745,128.4168952
GMB116,구포동(4공단입구방면),10116,36.13374326,128.4169871
GMB4,거상빌딩,10004,36.13616447,128.4170669
GMB201,델코전지,10201,36.11267055,128.4173066
GMB3,4공단입구건너(인동농협옥계지점),10003,36.13783282,128.4173727
GMB822,하우저만,10822,36.11270696,128.417491
GMB621,옥계부영아파트앞,10621,36.13977503,128.4176976
GMB2398,장곡초등학교건너,12398,36.07511655,128.4177068
GMB5,4공단입구(옥계방면),10005,36.13784545,128.4177297
GMB615,양포파출소앞,10615,36.14712661,128.4177584
GMB2399,장곡초등학교,12399,36.07498021,128.417774
GMB2109,대구은행공단지점건너,12109,35.96849053,128.4178731
GMB2110,대구은행공단지점,12110,35.96848486,128.4182295
GMB622,옥계부영아파트건너,10622,36.14120176,128.4182421
GMB383,삼성전자후문,10383,36.10718124,128.418362
GMB229,도문1리(도문1리내미리방면),10229,36.21699574,128.4185539
GMB228,도문1리(도문2리방면),10228,36.21712447,128.4185746
GMB616,옥계대백타운입구(4공단방면),10616,36.1467601,128.4185747
GMB772,진미동행정복지센터건너,10772,36.10573971,128.418838
GMB704,인동사거리,10704,36.10705347,128.4188581
GMB771,진미동행정복지센터앞,10771,36.10591353,128.418949
GMB451,하나로마트양포점,10451,36.14648028,128.419
GMB1207,괴곡3거리(산동방면)),11207,36.16549172,128.4191382
GMB378,삼구아파트,10378,36.13844522,128.4207806
GMB379,삼구트리니엔건너,10379,36.1383126,128.4209919
GMB695,이주단지(4공단입구방면),10695,36.13650189,128.4211639
GMB776,진평동(인동시립도서관입구방면),10776,36.10392105,128.42134
GMB707,인동육교,10707,36.10424551,128.421414
GMB882,황상신화아파트건너,10882,36.11053944,128.4217088
GMB881,황상신화아파트앞,10881,36.11072491,128.4218075
GMB708,인동정류장(인동사거리방면),10708,36.10803313,128.422184
GMB1116,옥계성당건너,11116,36.14597871,128.4222476
GMB1115,옥계성당,11115,36.14573759,128.4223108
GMB2118,대원 에스지아이,12118,35.9706419,128.4223484
GMB696,이주단지(양포동행정복지센터방면),10696,36.13616595,128.4224035
GMB709,인동정류장(인동중학교방면),10709,36.10806582,128.4224839
GMB2432,창성 지관,12432,35.97065796,128.4226924
GMB1130,인동정류장 종점,11130,36.10874191,128.4226941
GMB1160,인동차고지,11160,36.11038437,128.4231525
GMB777,진평동(서한아파트방면),10777,36.10212869,128.4233363
GMB2335,에스지,12335,35.97220631,128.4235392
GMB2242,삼청리,12242,35.98368484,128.4235521
GMB2354,왜관,12354,35.97207696,128.4236684
GMB2243,삼청리,12243,35.98322469,128.4237302
GMB16,강동병원앞,10016,36.09562321,128.4237331
GMB889,황상현대아파트앞,10889,36.11076674,128.4237454
GMB961,옥계휴먼시아건너,10961,36.14222311,128.423914
GMB932,옥계휴먼시아A,10932,36.14221408,128.4240612
GMB550,양포동행정복지센터,10550,36.13649896,128.4245521
GMB885,황상주공복합상가,10885,36.1152234,128.4245856
GMB551,양포동행정복지센터건너,10551,36.13622774,128.4245881
GMB887,황상중앙시장입구건너,10887,36.11327685,128.4245922
GMB888,황상중앙시장입구,10888,36.11321953,128.424726
GMB886,황상주공복합상가건너,10886,36.11531669,128.4247294
GMB2502,한국토지공사,12502,35.97422129,128.4248113
GMB876,황상1주공건너,10876,36.1168073,128.4249001
GMB424,서한아파트,10424,36.10399146,128.425035
GMB875,황상1주공앞,10875,36.11719266,128.4250916
GMB706,인동시립도서관입구,10706,36.09971183,128.4251247
GMB778,진평미래타운입구,10778,36.09375429,128.4254476
GMB879,황상동입구(인동중학교방면),10879,36.11032011,128.4254708
GMB710,인동중학교건너,10710,36.10878992,128.4255083
GMB880,황상동입구(황상현대아파트방면),10880,36.11038662,128.4256119
GMB711,인동중학교앞,10711,36.10883702,128.425649
GMB712,인동중학교입구,10712,36.10716832,128.4256763
GMB853,현진아파트건너,10853,36.13811324,128.4257385
GMB744,적림구미마을,10744,36.16709829,128.4258335
GMB253,적림구미마을건너,10253,36.16699709,128.4258522
GMB713,인의초등학교입구,10713,36.09986194,128.4260033
GMB852,현진아파트앞,10852,36.13823962,128.426011
GMB230,도문1리내미리(도문1리방면),10230,36.22502709,128.426315
GMB877,황상2주공앞,10877,36.1177522,128.4263281
GMB231,도문1리내미리(칠풍입구방면),10231,36.22478832,128.4263381
GMB931,옥계우미린아파트정문,10931,36.14320714,128.426361
GMB2026,공단삼거리(한국토지공사입구방면),12026,35.97883418,128.4265208
GMB789,청구아파트입구,10789,36.09868665,128.4267048
GMB1114,호반베르디움후문건너,11114,36.14721073,128.4267417
GMB1113,호반베르디움후문,11113,36.14692477,128.4268132
GMB878,황상2주공건너,10878,36.117891,128.4271679
GMB782,진평초등학교,10782,36.09187421,128.4278647
GMB960,호반베르디움아파트정문,10960,36.14337111,128.4278796
GMB1067,골드클래스건너,11067,36.15720422,128.4281401
GMB1065,물내음 공원입구,11065,36.154776,128.4281917
GMB1111,쌍용예가더파크아파트,11111,36.1601004,128.4282746
GMB779,진평중학교입구,10779,36.09694758,128.4282864
GMB884,황상종점 출발점,10884,36.11836234,128.4283037
GMB1068,골드클래스앞,11068,36.15723416,128.4283606
GMB1066,물내음 공원입구건너,11066,36.15456677,128.4283807
GMB1112,쌍용예가더파크아파트건너,11112,36.15994464,128.4284366
GMB1030,중흥S클래스건너,11030,36.13939832,128.4286649
GMB1159,산동호반베르디움아파트동편,11159,36.14421271,128.4288371
GMB649,우미린아파트,10649,36.14229662,128.4289404
GMB997,근로자문화센터,10997,36.13494037,128.4289842
GMB843,중흥S클래스앞,10843,36.14003058,128.4289909
GMB883,황상종점,10883,36.11821217,128.4290287
GMB780,진평중학교입구건너,10780,36.096596,128.4291615
GMB2236,삼청3리입구,12236,35.98465951,128.4292081
GMB959,인동동행정복지센터,10959,36.10464869,128.4292506
GMB781,진평청구아파트,10781,36.09894688,128.4293906
GMB2237,삼청3리,12237,35.9847863,128.42945
GMB2,4공단(우미린더스카이건너방면),10002,36.1369758,128.4295047
GMB1,4공단(현진아파트방면),10001,36.13722878,128.4295068
GMB745,적림리(산동버스정류장방면),10745,36.16728897,128.4295231
GMB746,적림리(적림구미마을방면),10746,36.16739511,128.4295522
GMB2395,장곡리,12395,36.07224702,128.4297902
GMB10,가라골건너,10010,36.13244427,128.4303367
GMB11,가라골앞,10011,36.13228558,128.4303463
GMB978,육일씨엔에스건너,10978,36.14870523,128.4306756
GMB2394,장곡리이구,12394,36.07225549,128.4307531
GMB979,육일씨엔에스앞,10979,36.14858213,128.4309716
GMB1070,우미린센트럴파크 후문,11070,36.16109283,128.431047
GMB701,인동고등학교,10701,36.09056902,128.4315117
GMB1069,구미제일교회앞,11069,36.16125105,128.4320239
GMB7,우미린더스카이건너,10007,36.13760063,128.4326199
GMB2241,삼청동출발,12241,35.98647979,128.4326829
GMB775,인의푸르지오아파트,10775,36.09648691,128.4328785
GMB509,신당리(옥계우미린아파트건너방면),10509,36.15180856,128.4331707
GMB6,우미린더스카이앞,10006,36.13802154,128.4333038
GMB702,인동고등학교입구,10702,36.09417508,128.4333514
GMB703,인동고등학교입구건너,10703,36.09445711,128.4333637
GMB510,신당리(신당2리방면),10510,36.15161971,128.4334043
GMB4053,달산2리(달산1리방면),14053,36.26539777,128.4339346
GMB1040,우미린센트럴파크앞,11040,36.16031697,128.434485
GMB1051,우미린센트럴파크건너,11051,36.16029467,128.4347846
GMB507,골드디움아파트,10507,36.15689024,128.4348603
GMB1059,산동파출소건너,11059,36.16898848,128.434985
GMB1060,산동파출소앞,11060,36.16913985,128.4351423
GMB508,골드디움아파트건너,10508,36.15709495,128.4351891
GMB1061,산동농협경제사업소건너,11061,36.16863122,128.4355769
GMB1062,산동농협경제사업소앞,11062,36.16771859,128.4356086
GMB1052,중흥S클래스에듀포레앞,11052,36.16108189,128.4359829
GMB1063,산동농공단지입구,11063,36.16932379,128.4359972
GMB1047,우미린풀하우스정문,11047,36.16127232,128.4360184
GMB988,진성건너,10988,36.15104067,128.4360436
GMB2263,성곡,12263,36.07249338,128.4360453
GMB101,구평 부영7단지,10101,36.08976779,128.4360675
GMB2264,성곡건너,12264,36.07243768,128.4361249
GMB1064,산동농공단지입구,11064,36.16922242,128.4362474
GMB943,제이에스,10943,36.13220012,128.4366621
GMB1185,제이에스건너,11185,36.13209978,128.4371495
GMB181,옥계이편한세상APT앞,10181,36.14039679,128.4374111
GMB1003,옥계이편한세상APT건너,11003,36.14037515,128.4375082
GMB108,구평부영아파트(5단지앞),10108,36.09315163,128.4375881
GMB1117,산동보건지소앞,11117,36.16794284,128.4379944
GMB1118,산동중학교입구,11118,36.16794376,128.4381769
GMB1094,인덕중학교건너,11094,36.16112764,128.4386433
GMB1071,중흥S클래스에코시티,11071,36.16128003,128.4387539
GMB989,우진E&P건너,10989,36.1498324,128.4389819
GMB109,구평부영아파트(1단지앞),10109,36.0932906,128.4391584
GMB1018,전자정보기술원(청년창업랩)건너,11018,36.14026744,128.4392076
GMB367,산동농공단지건너,10367,36.1715994,128.4397091
GMB368,산동농공단지앞,10368,36.17155119,128.4398376
GMB86,구미전자정보기술원(청년창업랩),10086,36.14081299,128.4399943
GMB102,구평 부영8단지,10102,36.08956756,128.4403386
GMB104,구평1동(구평1동불바위방면),10104,36.09285389,128.4412407
GMB946,도레이첨단소재북문,10946,36.1366634,128.4414566
GMB1049,인덕중흥S클래스건너,11049,36.16349664,128.4420721
GMB1050,인덕중흥S클래스앞,11050,36.16373638,128.4421014
GMB1016,구미코건너,11016,36.14070338,128.4421528
GMB100,구평 부영2단지,10100,36.09304072,128.4422501
GMB1017,구미코앞,11017,36.14087145,128.4425527
GMB1211,인덕리(확장단지방면),11211,36.16584463,128.4425863
GMB103,구평1동(구평부영2단지방면),10103,36.09056973,128.4427327
GMB1210,인덕리(산동방면),11210,36.16644307,128.4427682
GMB434,선산컨트리클럽(적림리방면),10434,36.16713008,128.4430693
GMB433,선산컨트리클럽(경운대방면),10433,36.16696436,128.4432869
GMB450,성진엔지니어링,10450,36.14771255,128.4437491
GMB5005,임시,99999,36.15116912,128.4445443
GMB5006,임시,99999,36.15116912,128.4445443
GMB106,구평1동불바위,10106,36.0926051,128.4448901
GMB797,콜렉터신영건너,10797,36.14083628,128.4450247
GMB945,피엔티,10945,36.13643975,128.445031
GMB105,구평예다음아파트2차,10105,36.09276076,128.4461447
GMB944,성호철강,10944,36.13265961,128.4464353
GMB935,구평휴먼시아,10935,36.09132379,128.4467152
GMB1026,휘닉스소재건너,11026,36.14072838,128.447275
GMB1186,성호철강건너,11186,36.13262291,128.4473667
GMB1025,휘닉스소재앞,11025,36.14084848,128.4474823
GMB113,구평예다음아파트A,10113,36.09239281,128.4474994
GMB543,AGC화인테크노한국건너,10543,36.14679446,128.4478762
GMB249,포스코케미칼,10249,36.14219963,128.4479453
GMB1058,4공단하수종말처리장,11058,36.13376817,128.4480268
GMB1029,AGC화인테크노한국앞,11029,36.14659676,128.4481869
GMB2623,성곡종점,12623,36.07176696,128.4484598
GMB2265,성곡종점,12265,36.07182437,128.4486498
GMB991,(주)케이엠텍앞,10991,36.14309317,128.4490814
GMB4309,칠풍입구(도문1리내미리방면),14309,36.23546078,128.4513858
GMB573,영진하이텍건너,10573,36.14075828,128.4514276
GMB4310,칠풍입구(도산리우무실방면),14310,36.23544367,128.4514804
GMB574,영진하이텍앞,10574,36.14084699,128.4515983
GMB111,구평초등학교앞,10111,36.09227438,128.4520683
GMB112,구평초등학교건너,10112,36.09248131,128.4523167
GMB923,송산리츠빌아파트건너(임천리입구방면),10923,36.16522928,128.4539721
GMB922,송산리츠빌아파트앞(선산컨트리클럽방면),10922,36.16533538,128.4539975
GMB993,톱텍앞,10993,36.14240512,128.4542149
GMB722,임봉정류장(임봉초등학교방면),10722,36.14048199,128.4559095
GMB721,임봉정류장(영진하이텍방면),10721,36.14040697,128.4561956
GMB110,구평새월못,10110,36.0929292,128.4565404
GMB638,와래마을입구(성호철강방면),10638,36.13036898,128.4566695
GMB639,와래마을입구(신장리방면),10639,36.13019815,128.4566817
GMB107,구평2동,10107,36.09278824,128.4567593
GMB723,임봉초등학교앞,10723,36.13936567,128.4590773
GMB724,임봉초등학교건너,10724,36.13929374,128.4591286
GMB734,임천리입구(송산리츠빌아파트방면),10734,36.16363384,128.4597441
GMB732,임천리입구(의우총입구방면),10732,36.1635006,128.4600329
GMB733,임천리입구(임봉초등학교방면),10733,36.13901613,128.4621381
GMB735,임천리입구(임천리몽대방면),10735,36.13895545,128.4621484
GMB1190,금전동중간마을,11190,36.12835102,128.4632773
GMB1180,금전동중간마을,11180,36.1284782,128.4633049
GMB1021,신동마을회관,11021,36.09835983,128.4633623
GMB691,의우총입구,10691,36.16309085,128.463385
GMB690,의우총입구건너,10690,36.16293236,128.4635704
GMB4076,도산리우무실(내의1리방면),14076,36.23806943,128.4640809
GMB4075,도산리우무실(도산2리마을회관방면),14075,36.23812428,128.4641355
GMB513,신동입구(신동새마을방면),10513,36.09470273,128.4651463
GMB514,신동입구(구평새월못방면),10514,36.09493765,128.4651783
GMB731,임천리몽대,10731,36.13815521,128.4660936
GMB736,임천리몽대건너,10736,36.13809182,128.4661448
GMB23,경운대학교(구미운전면허센터)출구,10023,36.16242027,128.4664858
GMB25,경운대학교(구미운전면허센터)입구,10025,36.16239475,128.4666873
GMB24,경운대학교(구미운전면허센터)입구건너,10024,36.16208244,128.4670546
GMB26,경운대학교(구미운전면허센터),10026,36.1667957,128.4676174
GMB1010,백현1리,11010,36.21466988,128.468018
GMB4051,달산1리(군위농협옆방면),14051,36.26710717,128.4686842
GMB1187,금전동종점건너,11187,36.12822626,128.4689221
GMB148,금전동종점,10148,36.12843875,128.4689514
GMB1199,환경자원화시설입구(동곡리방면),11199,36.19244999,128.4698743
GMB933,환경자원화시설입구,10933,36.19239765,128.4699677
GMB511,신동새마을(새월사각지방면),10511,36.09595148,128.470208
GMB307,백현리동초식당,10307,36.20592481,128.4704764
GMB512,신동새마을(신동입구방면),10512,36.09623072,128.4704946
GMB308,백현리동초식당건너,10308,36.20582597,128.4705543
GMB309,백현리(백현2리붓돌방면),10309,36.20778003,128.4727945
GMB310,백현리(송산리정실방면),10310,36.20774049,128.4730007
GMB738,임천부처방(하장리방면),10738,36.13636876,128.4744259
GMB737,임천부처방(임천리몽대방면),10737,36.13637012,128.4746465
GMB1188,연화교차로,11188,36.12847861,128.4749348
GMB1189,연화교차로,11189,36.12826542,128.4749892
GMB925,유환원룸건너,10925,36.15996118,128.4750225
GMB454,새월사각지(신동새마을방면),10454,36.09803187,128.4750377
GMB924,유환원룸앞,10924,36.15981601,128.4750666
GMB453,새월사각지(학하리입구방면),10453,36.09787081,128.4755578
GMB4183,소보출발,14183,36.25552262,128.4768559
GMB4182,소보정류장,14182,36.25551092,128.477226
GMB474,송산리정실(백현1리방면),10474,36.21377224,128.4776618
GMB475,송산리정실(송산리우복마을방면),10475,36.21369855,128.4776902
GMB1198,환경자원화시설,11198,36.18686735,128.4779331
GMB934,환경자원화시설,10934,36.18679413,128.4780384
GMB519,신장리,10519,36.11986417,128.4784347
GMB2500,학하리입구,12500,36.09760796,128.479193
GMB2501,학하리,12501,36.09769037,128.4798153
GMB472,송산리우복마을(백현리방면),10472,36.22209095,128.479962
GMB473,송산리우복마을(평호리방면),10473,36.22213975,128.4802122
GMB1121,구미푸른요양병원,11121,36.13562543,128.4806223
GMB1120,구미푸른요양병원건너,11120,36.13521922,128.4813746
GMB4188,송산리,14188,36.22679223,128.4825824
GMB4191,신계리(도산리우무실방면),14191,36.24336068,128.4832041
GMB4192,신계리(소보정류장방면),14192,36.24328174,128.4834877
GMB911,하장리(임천부처방방면),10911,36.13403439,128.4837183
GMB828,하장리(하장3거리방면),10828,36.13396776,128.4837365
GMB522,신장2리(삼학리방면),10522,36.11938947,128.4838376
GMB523,신장2리(신장1리방면),10523,36.11895048,128.4838512
GMB1214,신장2리,11214,36.12365388,128.4845559
GMB1213,신장2리,11213,36.12361932,128.4846145
GMB2496,학하2리,12496,36.09846408,128.4851882
GMB2497,학하2리 돌짝골,12497,36.09866101,128.485236
GMB1077,하장리,11077,36.13214273,128.4854061
GMB829,하장리(하장교방면),10829,36.13213679,128.4854878
GMB520,신장1리(신장2리방면),10520,36.12861514,128.4855321
GMB521,신장1리(하장리방면),10521,36.12872965,128.4856227
GMB4326,평호리,14326,36.23012514,128.4872234
GMB278,묵어리(하장3거리방면),10278,36.14116219,128.4894702
GMB279,묵어리(상림리입구방면),10279,36.14110717,128.4895642
GMB2495,학하1리소복이,12495,36.09918372,128.48964
GMB392,상림리입구(묵어리방면),10392,36.15052794,128.4898085
GMB393,상림리입구(유환원룸방면),10393,36.1503947,128.4899427
GMB2477,학림초등학교(삼학리입구방면),12477,36.10357684,128.4901008
GMB2478,학림초등학교(학하리방면),12478,36.10371809,128.4901022
GMB2244,삼학리,12244,36.10495642,128.4905999
GMB2245,삼학리입구,12245,36.10531026,128.490602
GMB2492,학상공단,12492,36.09930018,128.4908116
GMB825,하장3거리(젊은종합농기계앞),10825,36.13722472,128.4910615
GMB827,하장3거리(하장1리방면),10827,36.13674841,128.4912649
GMB826,하장3거리(묵어리방면),10826,36.13685079,128.4913104
GMB391,상림리(오로1리방면),10391,36.15421049,128.4920439
GMB390,상림리(묵어리방면),10390,36.15433388,128.4922198
GMB4153,서경리,14153,36.23401605,128.4923326
GMB830,하장리앞,10830,36.13212849,128.493539
GMB823,하장1리(장천버스터미널 종점방면),10823,36.13131752,128.4938064
GMB2498,학하3리입구,12498,36.09957804,128.4939592
GMB824,하장1리(하장리앞방면),10824,36.13109284,128.4940109
GMB2499,학하3리,12499,36.0997385,128.4940298
GMB740,장천버스터미널 종점,10740,36.12753025,128.4944817
GMB1225,장천면행정복지센터,11225,36.12586925,128.4948403
GMB604,오상중고등학교건너,10604,36.1237127,128.4960137
GMB605,오상중고등학교앞,10605,36.12381636,128.4960587
GMB1154,상장1리 서당골,11154,36.12036139,128.4984101
GMB1155,상장1리 서당골,11155,36.12031474,128.4985304
GMB2491,학상칠송정(학상토실방면),12491,36.09842949,128.4995668
GMB2493,학상칠송정(학하3리방면),12493,36.09849307,128.5000162
GMB1149,상장1리,11149,36.11660236,128.5019374
GMB1148,상장1리,11148,36.11661814,128.5020253
GMB1144,묵어1리,11144,36.14080705,128.5034388
GMB1147,바지미마을입구,11147,36.11303858,128.5048866
GMB1146,바지미마을입구,11146,36.11291548,128.5049688
GMB2712,심곡리,12712,36.10906221,128.5068412
GMB2318,심곡리건너,12318,36.10902792,128.5070631
GMB2494,학상토실,12494,36.10019739,128.5087845
GMB2490,학상 오미기,12490,36.10040919,128.5089542
GMB2283,송학교입구,12283,36.10709439,128.5151311
GMB2284,송학교,12284,36.10714014,128.5152388
GMB2531,농협창고 앞,12531,36.10431328,128.5198975
GMB2286,송학리(학상오미기방면),12286,36.10341116,128.5200151
GMB2289,송학리사거리,12289,36.10337336,128.5202228
GMB2100,다부동,12100,36.04584375,128.5206949
GMB2101,다부리 전적기념관,12101,36.04610145,128.5207103
GMB125,금산,10125,36.16467466,128.521636
GMB2280,송학2리사거리,12280,36.10296477,128.5216525
GMB1102,여남리 중앙(명곡종점방면),11102,36.12512407,128.5222646
GMB1095,여남리 중앙,11095,36.12518127,128.5223035
GMB276,묵어2리(하장3거리방면),10276,36.14419838,128.5233099
GMB277,묵어2리(묵어리종점방면),10277,36.14414149,128.523517
GMB590,오로1리(금산방면),10590,36.17388569,128.5268539
GMB591,오로1리(오로2리방면),10591,36.17391843,128.526977
GMB568,여남리(장천버스터미널종점방면),10568,36.12393926,128.5278969
GMB569,여남리(명곡종점방면),10569,36.12383313,128.5281013
GMB2288,송학리윗세뜸,12288,36.09950037,128.5281668
GMB2701,석우리건너,12701,36.10510127,128.5333616
GMB2651,석우리,12651,36.10489839,128.5336953
GMB2096,다부1리(진목정),12096,36.05610296,128.5340286
GMB2482,학명리입구,12482,36.03890903,128.5355579
GMB2484,학명리 석장조각,12484,36.0387568,128.5362749
GMB2064,금화리건너,12064,36.06534464,128.5373395
GMB280,묵어리종점,10280,36.14102834,128.5374031
GMB2065,금화리,12065,36.06566363,128.5376699
GMB2257,석우2리입구,12257,36.10216003,128.5377591
GMB2440,천평종점,12440,36.08759118,128.5379117
GMB2526,천평,12526,36.0842388,128.5383217
GMB599,오로리출발,10599,36.18590055,128.5384207
GMB598,오로리종점,10598,36.1859852,128.5384417
GMB2439,가산면사무소,12439,36.08591382,128.5386076
GMB1151,수명리 마을입구,11151,36.12128276,128.5386612
GMB1150,수명리 마을입구건너,11150,36.12133799,128.5386718
GMB2438,가산초등학교,12438,36.07856015,128.5390447
GMB2255,석우2리,12255,36.10169209,128.5391101
GMB2437,천평(가산면사무소방면),12437,36.07891346,128.5392672
GMB1169,오로미륵마을,11169,36.17674548,128.5395424
GMB1170,오로미륵마을건너,11170,36.17696829,128.5396157
GMB2480,학명리(등골마을건너),12480,36.03563558,128.5396953
GMB2485,학명리 학명공원,12485,36.03563558,128.5396953
GMB592,오로2리(오로1리방면),10592,36.17971198,128.5402387
GMB593,오로2리(오로리종점방면),10593,36.17977952,128.5404035
GMB2532,탑곡지 앞,12532,36.10177118,128.5415597
GMB263,명곡종점,10263,36.12512587,128.5433877
GMB2254,석우1리,12254,36.10278886,128.5439302
GMB2258,석우1리 건너,12258,36.102593,128.544463
GMB2483,학명리,12483,36.02811101,128.5456609
GMB2479,학명리 건너2,12479,36.02619035,128.5462806
GMB2481,학명동,12481,36.02341528,128.5472603
GMB2634,동명주유소건너,12634,36.01362155,128.5501867
GMB2558,동명주유소앞,12558,36.01405663,128.5502415
GMB2002,가산입구,12002,36.00772341,128.5511549
GMB2003,가산입구건너,12003,36.00772305,128.5514068
GMB2227,삼산건너,12227,36.00501411,128.5515015
GMB2228,삼산,12228,36.00434704,128.5518657
GMB2054,금안4리,12054,35.99661516,128.5529085
GMB2140,동명면우체국건너,12140,35.98376999,128.5532236
GMB2141,동명면우체국,12141,35.98370202,128.5533217
GMB2148,동명초등학교건너,12148,35.98699424,128.5537856
GMB2149,동명초등학교입구,12149,35.98706567,128.5538769